CREATE DATABASE  IF NOT EXISTS `bird` /*!40100 DEFAULT CHARACTER SET latin1 */;
USE `bird`;
-- MySQL dump 10.13  Distrib 5.7.20, for Linux (x86_64)
--
-- Host: localhost    Database: bird
-- ------------------------------------------------------
-- Server version	5.7.20-0ubuntu0.16.04.1

/*!40101 SET @OLD_CHARACTER_SET_CLIENT=@@CHARACTER_SET_CLIENT */;
/*!40101 SET @OLD_CHARACTER_SET_RESULTS=@@CHARACTER_SET_RESULTS */;
/*!40101 SET @OLD_COLLATION_CONNECTION=@@COLLATION_CONNECTION */;
/*!40101 SET NAMES utf8 */;
/*!40103 SET @OLD_TIME_ZONE=@@TIME_ZONE */;
/*!40103 SET TIME_ZONE='+00:00' */;
/*!40014 SET @OLD_UNIQUE_CHECKS=@@UNIQUE_CHECKS, UNIQUE_CHECKS=0 */;
/*!40014 SET @OLD_FOREIGN_KEY_CHECKS=@@FOREIGN_KEY_CHECKS, FOREIGN_KEY_CHECKS=0 */;
/*!40101 SET @OLD_SQL_MODE=@@SQL_MODE, SQL_MODE='NO_AUTO_VALUE_ON_ZERO' */;
/*!40111 SET @OLD_SQL_NOTES=@@SQL_NOTES, SQL_NOTES=0 */;

--
-- Table structure for table `author`
--

DROP TABLE IF EXISTS `author`;
/*!40101 SET @saved_cs_client     = @@character_set_client */;
/*!40101 SET character_set_client = utf8 */;
CREATE TABLE `author` (
  `id` int(11) NOT NULL AUTO_INCREMENT,
  `lastname` varchar(255) COLLATE utf8_unicode_ci NOT NULL,
  `firstname` varchar(255) COLLATE utf8_unicode_ci DEFAULT NULL,
  `born_lastname` varchar(255) COLLATE utf8_unicode_ci DEFAULT NULL,
  `born_firstname` varchar(255) COLLATE utf8_unicode_ci DEFAULT NULL,
  `image` tinyint(1) DEFAULT NULL,
  `biography` longtext COLLATE utf8_unicode_ci,
  `comment` varchar(500) COLLATE utf8_unicode_ci DEFAULT NULL,
  `borndate` date DEFAULT NULL,
  `createdate` datetime NOT NULL,
  `deathdate` date DEFAULT NULL,
  PRIMARY KEY (`id`)
) ENGINE=InnoDB AUTO_INCREMENT=283 DEFAULT CHARSET=utf8 COLLATE=utf8_unicode_ci;
/*!40101 SET character_set_client = @saved_cs_client */;

--
-- Dumping data for table `author`
--

LOCK TABLES `author` WRITE;
/*!40000 ALTER TABLE `author` DISABLE KEYS */;
INSERT INTO `author` VALUES (1,'Jordan','Robert','Rigney','James Oliver',1,NULL,NULL,'1944-04-17','2017-04-10 00:00:00',NULL),(2,'Hobb','Robin','Ogden','Margaret Astrid Lindholm',NULL,NULL,NULL,'1952-03-05','2017-04-10 00:00:00',NULL),(3,'Tolkien','John Ronald Reuel',NULL,NULL,NULL,NULL,NULL,'1892-01-03','2017-04-10 00:00:00','1973-09-02'),(4,'Katz','Gabriel',NULL,NULL,NULL,NULL,NULL,NULL,'2017-04-13 00:00:00',NULL),(5,'Pevel','Pierre',NULL,NULL,NULL,NULL,NULL,'1968-01-01','2017-04-13 00:00:00',NULL),(6,'Ricard','Matthieu',NULL,NULL,NULL,NULL,NULL,'1946-02-15','2017-04-13 00:00:00',NULL),(7,'Eddings','David',NULL,NULL,NULL,NULL,NULL,'1931-07-07','2017-04-13 00:00:00','2009-06-02'),(8,'Goodking','Terry',NULL,NULL,NULL,NULL,NULL,'1948-01-01','2017-04-13 00:00:00',NULL),(9,'Williams','Tad',NULL,NULL,NULL,NULL,NULL,'1957-03-14','2017-04-13 00:00:00',NULL),(10,'Feist','Raymond Elias',NULL,NULL,NULL,NULL,NULL,'1945-12-23','2017-04-13 00:00:00',NULL),(11,'Martin','George R.R.',NULL,NULL,NULL,NULL,NULL,'1948-09-20','2017-04-13 00:00:00',NULL),(12,'lastname0','firstname0',NULL,NULL,NULL,NULL,NULL,NULL,'2017-04-26 00:00:00',NULL),(13,'lastname1','firstname1',NULL,NULL,NULL,NULL,NULL,NULL,'2017-04-26 00:00:00',NULL),(14,'lastname2','firstname2',NULL,NULL,NULL,NULL,NULL,NULL,'2017-04-26 00:00:00',NULL),(15,'lastname3','firstname3',NULL,NULL,NULL,NULL,NULL,NULL,'2017-04-26 00:00:00',NULL),(16,'lastname4','firstname4',NULL,NULL,NULL,NULL,NULL,NULL,'2017-04-26 00:00:00',NULL),(17,'lastname5','firstname5',NULL,NULL,NULL,NULL,NULL,NULL,'2017-04-26 00:00:00',NULL),(18,'lastname6','firstname6',NULL,NULL,NULL,NULL,NULL,NULL,'2017-04-26 00:00:00',NULL),(19,'lastname7','firstname7',NULL,NULL,NULL,NULL,NULL,NULL,'2017-04-26 00:00:00',NULL),(20,'lastname8','firstname8',NULL,NULL,NULL,NULL,NULL,NULL,'2017-04-26 00:00:00',NULL),(21,'lastname9','firstname9',NULL,NULL,NULL,NULL,NULL,NULL,'2017-04-26 00:00:00',NULL),(22,'lastname10','firstname10',NULL,NULL,NULL,NULL,NULL,NULL,'2017-04-26 00:00:00',NULL),(23,'lastname11','firstname11',NULL,NULL,NULL,NULL,NULL,NULL,'2017-04-26 00:00:00',NULL),(24,'lastname12','firstname12',NULL,NULL,NULL,NULL,NULL,NULL,'2017-04-26 00:00:00',NULL),(25,'lastname13','firstname13',NULL,NULL,NULL,NULL,NULL,NULL,'2017-04-26 00:00:00',NULL),(26,'lastname14','firstname14',NULL,NULL,NULL,NULL,NULL,NULL,'2017-04-26 00:00:00',NULL),(27,'lastname15','firstname15',NULL,NULL,NULL,NULL,NULL,NULL,'2017-04-26 00:00:00',NULL),(28,'lastname16','firstname16',NULL,NULL,NULL,NULL,NULL,NULL,'2017-04-26 00:00:00',NULL),(29,'lastname17','firstname17',NULL,NULL,NULL,NULL,NULL,NULL,'2017-04-26 00:00:00',NULL),(30,'lastname18','firstname18',NULL,NULL,NULL,NULL,NULL,NULL,'2017-04-26 00:00:00',NULL),(31,'lastname19','firstname19',NULL,NULL,NULL,NULL,NULL,NULL,'2017-04-26 00:00:00',NULL),(32,'lastname20','firstname20',NULL,NULL,NULL,NULL,NULL,NULL,'2017-04-26 00:00:00',NULL),(33,'lastname21','firstname21',NULL,NULL,NULL,NULL,NULL,NULL,'2017-04-26 00:00:00',NULL),(34,'lastname22','firstname22',NULL,NULL,NULL,NULL,NULL,NULL,'2017-04-26 00:00:00',NULL),(35,'lastname23','firstname23',NULL,NULL,NULL,NULL,NULL,NULL,'2017-04-26 00:00:00',NULL),(36,'lastname24','firstname24',NULL,NULL,NULL,NULL,NULL,NULL,'2017-04-26 00:00:00',NULL),(37,'lastname25','firstname25',NULL,NULL,NULL,NULL,NULL,NULL,'2017-04-26 00:00:00',NULL),(38,'lastname26','firstname26',NULL,NULL,NULL,NULL,NULL,NULL,'2017-04-26 00:00:00',NULL),(39,'lastname27','firstname27',NULL,NULL,NULL,NULL,NULL,NULL,'2017-04-26 00:00:00',NULL),(40,'lastname28','firstname28',NULL,NULL,NULL,NULL,NULL,NULL,'2017-04-26 00:00:00',NULL),(41,'lastname29','firstname29',NULL,NULL,NULL,NULL,NULL,NULL,'2017-04-26 00:00:00',NULL),(42,'lastname30','firstname30',NULL,NULL,NULL,NULL,NULL,NULL,'2017-04-26 00:00:00',NULL),(43,'lastname31','firstname31',NULL,NULL,NULL,NULL,NULL,NULL,'2017-04-26 00:00:00',NULL),(44,'lastname32','firstname32',NULL,NULL,NULL,NULL,NULL,NULL,'2017-04-26 00:00:00',NULL),(45,'lastname33','firstname33',NULL,NULL,NULL,NULL,NULL,NULL,'2017-04-26 00:00:00',NULL),(46,'lastname34','firstname34',NULL,NULL,NULL,NULL,NULL,NULL,'2017-04-26 00:00:00',NULL),(47,'lastname35','firstname35',NULL,NULL,NULL,NULL,NULL,NULL,'2017-04-26 00:00:00',NULL),(48,'lastname36','firstname36',NULL,NULL,NULL,NULL,NULL,NULL,'2017-04-26 00:00:00',NULL),(49,'lastname37','firstname37',NULL,NULL,NULL,NULL,NULL,NULL,'2017-04-26 00:00:00',NULL),(50,'lastname38','firstname38',NULL,NULL,NULL,NULL,NULL,NULL,'2017-04-26 00:00:00',NULL),(51,'lastname39','firstname39',NULL,NULL,NULL,NULL,NULL,NULL,'2017-04-26 00:00:00',NULL),(52,'lastname40','firstname40',NULL,NULL,NULL,NULL,NULL,NULL,'2017-04-26 00:00:00',NULL),(53,'lastname41','firstname41',NULL,NULL,NULL,NULL,NULL,NULL,'2017-04-26 00:00:00',NULL),(54,'lastname42','firstname42',NULL,NULL,NULL,NULL,NULL,NULL,'2017-04-26 00:00:00',NULL),(55,'lastname43','firstname43',NULL,NULL,NULL,NULL,NULL,NULL,'2017-04-26 00:00:00',NULL),(56,'lastname44','firstname44',NULL,NULL,NULL,NULL,NULL,NULL,'2017-04-26 00:00:00',NULL),(57,'lastname45','firstname45',NULL,NULL,NULL,NULL,NULL,NULL,'2017-04-26 00:00:00',NULL),(58,'lastname46','firstname46',NULL,NULL,NULL,NULL,NULL,NULL,'2017-04-26 00:00:00',NULL),(59,'lastname47','firstname47',NULL,NULL,NULL,NULL,NULL,NULL,'2017-04-26 00:00:00',NULL),(60,'lastname48','firstname48',NULL,NULL,NULL,NULL,NULL,NULL,'2017-04-26 00:00:00',NULL),(61,'lastname49','firstname49',NULL,NULL,NULL,NULL,NULL,NULL,'2017-04-26 00:00:00',NULL),(62,'lastname50','firstname50',NULL,NULL,NULL,NULL,NULL,NULL,'2017-04-26 00:00:00',NULL),(63,'lastname51','firstname51',NULL,NULL,NULL,NULL,NULL,NULL,'2017-04-26 00:00:00',NULL),(64,'lastname52','firstname52',NULL,NULL,NULL,NULL,NULL,NULL,'2017-04-26 00:00:00',NULL),(65,'lastname53','firstname53',NULL,NULL,NULL,NULL,NULL,NULL,'2017-04-26 00:00:00',NULL),(66,'lastname54','firstname54',NULL,NULL,NULL,NULL,NULL,NULL,'2017-04-26 00:00:00',NULL),(67,'lastname55','firstname55',NULL,NULL,NULL,NULL,NULL,NULL,'2017-04-26 00:00:00',NULL),(68,'lastname56','firstname56',NULL,NULL,NULL,NULL,NULL,NULL,'2017-04-26 00:00:00',NULL),(69,'lastname57','firstname57',NULL,NULL,NULL,NULL,NULL,NULL,'2017-04-26 00:00:00',NULL),(70,'lastname58','firstname58',NULL,NULL,NULL,NULL,NULL,NULL,'2017-04-26 00:00:00',NULL),(71,'lastname59','firstname59',NULL,NULL,NULL,NULL,NULL,NULL,'2017-04-26 00:00:00',NULL),(72,'lastname60','firstname60',NULL,NULL,NULL,NULL,NULL,NULL,'2017-04-26 00:00:00',NULL),(73,'lastname61','firstname61',NULL,NULL,NULL,NULL,NULL,NULL,'2017-04-26 00:00:00',NULL),(74,'lastname62','firstname62',NULL,NULL,NULL,NULL,NULL,NULL,'2017-04-26 00:00:00',NULL),(75,'lastname63','firstname63',NULL,NULL,NULL,NULL,NULL,NULL,'2017-04-26 00:00:00',NULL),(76,'lastname64','firstname64',NULL,NULL,NULL,NULL,NULL,NULL,'2017-04-26 00:00:00',NULL),(77,'lastname65','firstname65',NULL,NULL,NULL,NULL,NULL,NULL,'2017-04-26 00:00:00',NULL),(78,'lastname66','firstname66',NULL,NULL,NULL,NULL,NULL,NULL,'2017-04-26 00:00:00',NULL),(79,'lastname67','firstname67',NULL,NULL,NULL,NULL,NULL,NULL,'2017-04-26 00:00:00',NULL),(80,'lastname68','firstname68',NULL,NULL,NULL,NULL,NULL,NULL,'2017-04-26 00:00:00',NULL),(81,'lastname69','firstname69',NULL,NULL,NULL,NULL,NULL,NULL,'2017-04-26 00:00:00',NULL),(82,'lastname70','firstname70',NULL,NULL,NULL,NULL,NULL,NULL,'2017-04-26 00:00:00',NULL),(83,'lastname71','firstname71',NULL,NULL,NULL,NULL,NULL,NULL,'2017-04-26 00:00:00',NULL),(84,'lastname72','firstname72',NULL,NULL,NULL,NULL,NULL,NULL,'2017-04-26 00:00:00',NULL),(85,'lastname73','firstname73',NULL,NULL,NULL,NULL,NULL,NULL,'2017-04-26 00:00:00',NULL),(86,'lastname74','firstname74',NULL,NULL,NULL,NULL,NULL,NULL,'2017-04-26 00:00:00',NULL),(87,'lastname75','firstname75',NULL,NULL,NULL,NULL,NULL,NULL,'2017-04-26 00:00:00',NULL),(88,'lastname76','firstname76',NULL,NULL,NULL,NULL,NULL,NULL,'2017-04-26 00:00:00',NULL),(89,'lastname77','firstname77',NULL,NULL,NULL,NULL,NULL,NULL,'2017-04-26 00:00:00',NULL),(90,'lastname78','firstname78',NULL,NULL,NULL,NULL,NULL,NULL,'2017-04-26 00:00:00',NULL),(91,'lastname79','firstname79',NULL,NULL,NULL,NULL,NULL,NULL,'2017-04-26 00:00:00',NULL),(92,'lastname80','firstname80',NULL,NULL,NULL,NULL,NULL,NULL,'2017-04-26 00:00:00',NULL),(93,'lastname81','firstname81',NULL,NULL,NULL,NULL,NULL,NULL,'2017-04-26 00:00:00',NULL),(94,'lastname82','firstname82',NULL,NULL,NULL,NULL,NULL,NULL,'2017-04-26 00:00:00',NULL),(95,'lastname83','firstname83',NULL,NULL,NULL,NULL,NULL,NULL,'2017-04-26 00:00:00',NULL),(96,'lastname84','firstname84',NULL,NULL,NULL,NULL,NULL,NULL,'2017-04-26 00:00:00',NULL),(97,'lastname85','firstname85',NULL,NULL,NULL,NULL,NULL,NULL,'2017-04-26 00:00:00',NULL),(98,'lastname86','firstname86',NULL,NULL,NULL,NULL,NULL,NULL,'2017-04-26 00:00:00',NULL),(99,'lastname87','firstname87',NULL,NULL,NULL,NULL,NULL,NULL,'2017-04-26 00:00:00',NULL),(100,'lastname88','firstname88',NULL,NULL,NULL,NULL,NULL,NULL,'2017-04-26 00:00:00',NULL),(101,'lastname89','firstname89',NULL,NULL,NULL,NULL,NULL,NULL,'2017-04-26 00:00:00',NULL),(102,'lastname90','firstname90',NULL,NULL,NULL,NULL,NULL,NULL,'2017-04-26 00:00:00',NULL),(103,'lastname91','firstname91',NULL,NULL,NULL,NULL,NULL,NULL,'2017-04-26 00:00:00',NULL),(104,'lastname92','firstname92',NULL,NULL,NULL,NULL,NULL,NULL,'2017-04-26 00:00:00',NULL),(105,'lastname93','firstname93',NULL,NULL,NULL,NULL,NULL,NULL,'2017-04-26 00:00:00',NULL),(106,'lastname94','firstname94',NULL,NULL,NULL,NULL,NULL,NULL,'2017-04-26 00:00:00',NULL),(107,'lastname95','firstname95',NULL,NULL,NULL,NULL,NULL,NULL,'2017-04-26 00:00:00',NULL),(108,'lastname96','firstname96',NULL,NULL,NULL,NULL,NULL,NULL,'2017-04-26 00:00:00',NULL),(109,'lastname97','firstname97',NULL,NULL,NULL,NULL,NULL,NULL,'2017-04-26 00:00:00',NULL),(110,'lastname98','firstname98',NULL,NULL,NULL,NULL,NULL,NULL,'2017-04-26 00:00:00',NULL),(111,'lastname99','firstname99',NULL,NULL,NULL,NULL,NULL,NULL,'2017-04-26 00:00:00',NULL),(112,'lastname100','firstname100',NULL,NULL,NULL,NULL,NULL,NULL,'2017-04-26 00:00:00',NULL),(113,'lastname101','firstname101',NULL,NULL,NULL,NULL,NULL,NULL,'2017-04-26 00:00:00',NULL),(114,'lastname102','firstname102',NULL,NULL,NULL,NULL,NULL,NULL,'2017-04-26 00:00:00',NULL),(115,'lastname103','firstname103',NULL,NULL,NULL,NULL,NULL,NULL,'2017-04-26 00:00:00',NULL),(116,'lastname104','firstname104',NULL,NULL,NULL,NULL,NULL,NULL,'2017-04-26 00:00:00',NULL),(117,'lastname105','firstname105',NULL,NULL,NULL,NULL,NULL,NULL,'2017-04-26 00:00:00',NULL),(118,'lastname106','firstname106',NULL,NULL,NULL,NULL,NULL,NULL,'2017-04-26 00:00:00',NULL),(119,'lastname107','firstname107',NULL,NULL,NULL,NULL,NULL,NULL,'2017-04-26 00:00:00',NULL),(120,'lastname108','firstname108',NULL,NULL,NULL,NULL,NULL,NULL,'2017-04-26 00:00:00',NULL),(121,'lastname109','firstname109',NULL,NULL,NULL,NULL,NULL,NULL,'2017-04-26 00:00:00',NULL),(122,'lastname110','firstname110',NULL,NULL,NULL,NULL,NULL,NULL,'2017-04-26 00:00:00',NULL),(123,'lastname111','firstname111',NULL,NULL,NULL,NULL,NULL,NULL,'2017-04-26 00:00:00',NULL),(124,'lastname112','firstname112',NULL,NULL,NULL,NULL,NULL,NULL,'2017-04-26 00:00:00',NULL),(125,'lastname113','firstname113',NULL,NULL,NULL,NULL,NULL,NULL,'2017-04-26 00:00:00',NULL),(126,'lastname114','firstname114',NULL,NULL,NULL,NULL,NULL,NULL,'2017-04-26 00:00:00',NULL),(127,'lastname115','firstname115',NULL,NULL,NULL,NULL,NULL,NULL,'2017-04-26 00:00:00',NULL),(128,'lastname116','firstname116',NULL,NULL,NULL,NULL,NULL,NULL,'2017-04-26 00:00:00',NULL),(129,'lastname117','firstname117',NULL,NULL,NULL,NULL,NULL,NULL,'2017-04-26 00:00:00',NULL),(130,'lastname118','firstname118',NULL,NULL,NULL,NULL,NULL,NULL,'2017-04-26 00:00:00',NULL),(131,'lastname119','firstname119',NULL,NULL,NULL,NULL,NULL,NULL,'2017-04-26 00:00:00',NULL),(132,'lastname120','firstname120',NULL,NULL,NULL,NULL,NULL,NULL,'2017-04-26 00:00:00',NULL),(133,'lastname121','firstname121',NULL,NULL,NULL,NULL,NULL,NULL,'2017-04-26 00:00:00',NULL),(134,'lastname122','firstname122',NULL,NULL,NULL,NULL,NULL,NULL,'2017-04-26 00:00:00',NULL),(135,'lastname123','firstname123',NULL,NULL,NULL,NULL,NULL,NULL,'2017-04-26 00:00:00',NULL),(136,'lastname124','firstname124',NULL,NULL,NULL,NULL,NULL,NULL,'2017-04-26 00:00:00',NULL),(137,'lastname125','firstname125',NULL,NULL,NULL,NULL,NULL,NULL,'2017-04-26 00:00:00',NULL),(138,'lastname126','firstname126',NULL,NULL,NULL,NULL,NULL,NULL,'2017-04-26 00:00:00',NULL),(139,'lastname127','firstname127',NULL,NULL,NULL,NULL,NULL,NULL,'2017-04-26 00:00:00',NULL),(140,'lastname128','firstname128',NULL,NULL,NULL,NULL,NULL,NULL,'2017-04-26 00:00:00',NULL),(141,'lastname129','firstname129',NULL,NULL,NULL,NULL,NULL,NULL,'2017-04-26 00:00:00',NULL),(142,'lastname130','firstname130',NULL,NULL,NULL,NULL,NULL,NULL,'2017-04-26 00:00:00',NULL),(143,'lastname131','firstname131',NULL,NULL,NULL,NULL,NULL,NULL,'2017-04-26 00:00:00',NULL),(144,'lastname132','firstname132',NULL,NULL,NULL,NULL,NULL,NULL,'2017-04-26 00:00:00',NULL),(145,'lastname133','firstname133',NULL,NULL,NULL,NULL,NULL,NULL,'2017-04-26 00:00:00',NULL),(146,'lastname134','firstname134',NULL,NULL,NULL,NULL,NULL,NULL,'2017-04-26 00:00:00',NULL),(147,'lastname135','firstname135',NULL,NULL,NULL,NULL,NULL,NULL,'2017-04-26 00:00:00',NULL),(148,'lastname136','firstname136',NULL,NULL,NULL,NULL,NULL,NULL,'2017-04-26 00:00:00',NULL),(149,'lastname137','firstname137',NULL,NULL,NULL,NULL,NULL,NULL,'2017-04-26 00:00:00',NULL),(150,'lastname138','firstname138',NULL,NULL,NULL,NULL,NULL,NULL,'2017-04-26 00:00:00',NULL),(151,'lastname139','firstname139',NULL,NULL,NULL,NULL,NULL,NULL,'2017-04-26 00:00:00',NULL),(152,'lastname140','firstname140',NULL,NULL,NULL,NULL,NULL,NULL,'2017-04-26 00:00:00',NULL),(153,'lastname141','firstname141',NULL,NULL,NULL,NULL,NULL,NULL,'2017-04-26 00:00:00',NULL),(154,'lastname142','firstname142',NULL,NULL,NULL,NULL,NULL,NULL,'2017-04-26 00:00:00',NULL),(155,'lastname143','firstname143',NULL,NULL,NULL,NULL,NULL,NULL,'2017-04-26 00:00:00',NULL),(156,'lastname144','firstname144',NULL,NULL,NULL,NULL,NULL,NULL,'2017-04-26 00:00:00',NULL),(157,'lastname145','firstname145',NULL,NULL,NULL,NULL,NULL,NULL,'2017-04-26 00:00:00',NULL),(158,'lastname146','firstname146',NULL,NULL,NULL,NULL,NULL,NULL,'2017-04-26 00:00:00',NULL),(159,'lastname147','firstname147',NULL,NULL,NULL,NULL,NULL,NULL,'2017-04-26 00:00:00',NULL),(160,'lastname148','firstname148',NULL,NULL,NULL,NULL,NULL,NULL,'2017-04-26 00:00:00',NULL),(161,'lastname149','firstname149',NULL,NULL,NULL,NULL,NULL,NULL,'2017-04-26 00:00:00',NULL),(162,'lastname150','firstname150',NULL,NULL,NULL,NULL,NULL,NULL,'2017-04-26 00:00:00',NULL),(163,'lastname151','firstname151',NULL,NULL,NULL,NULL,NULL,NULL,'2017-04-26 00:00:00',NULL),(164,'lastname152','firstname152',NULL,NULL,NULL,NULL,NULL,NULL,'2017-04-26 00:00:00',NULL),(165,'lastname153','firstname153',NULL,NULL,NULL,NULL,NULL,NULL,'2017-04-26 00:00:00',NULL),(166,'lastname154','firstname154',NULL,NULL,NULL,NULL,NULL,NULL,'2017-04-26 00:00:00',NULL),(167,'lastname155','firstname155',NULL,NULL,NULL,NULL,NULL,NULL,'2017-04-26 00:00:00',NULL),(168,'lastname156','firstname156',NULL,NULL,NULL,NULL,NULL,NULL,'2017-04-26 00:00:00',NULL),(169,'lastname157','firstname157',NULL,NULL,NULL,NULL,NULL,NULL,'2017-04-26 00:00:00',NULL),(170,'lastname158','firstname158',NULL,NULL,NULL,NULL,NULL,NULL,'2017-04-26 00:00:00',NULL),(171,'lastname159','firstname159',NULL,NULL,NULL,NULL,NULL,NULL,'2017-04-26 00:00:00',NULL),(172,'lastname160','firstname160',NULL,NULL,NULL,NULL,NULL,NULL,'2017-04-26 00:00:00',NULL),(173,'lastname161','firstname161',NULL,NULL,NULL,NULL,NULL,NULL,'2017-04-26 00:00:00',NULL),(174,'lastname162','firstname162',NULL,NULL,NULL,NULL,NULL,NULL,'2017-04-26 00:00:00',NULL),(175,'lastname163','firstname163',NULL,NULL,NULL,NULL,NULL,NULL,'2017-04-26 00:00:00',NULL),(176,'lastname164','firstname164',NULL,NULL,NULL,NULL,NULL,NULL,'2017-04-26 00:00:00',NULL),(177,'lastname165','firstname165',NULL,NULL,NULL,NULL,NULL,NULL,'2017-04-26 00:00:00',NULL),(178,'lastname166','firstname166',NULL,NULL,NULL,NULL,NULL,NULL,'2017-04-26 00:00:00',NULL),(179,'lastname167','firstname167',NULL,NULL,NULL,NULL,NULL,NULL,'2017-04-26 00:00:00',NULL),(180,'lastname168','firstname168',NULL,NULL,NULL,NULL,NULL,NULL,'2017-04-26 00:00:00',NULL),(181,'lastname169','firstname169',NULL,NULL,NULL,NULL,NULL,NULL,'2017-04-26 00:00:00',NULL),(182,'lastname170','firstname170',NULL,NULL,NULL,NULL,NULL,NULL,'2017-04-26 00:00:00',NULL),(183,'lastname171','firstname171',NULL,NULL,NULL,NULL,NULL,NULL,'2017-04-26 00:00:00',NULL),(184,'lastname172','firstname172',NULL,NULL,NULL,NULL,NULL,NULL,'2017-04-26 00:00:00',NULL),(185,'lastname173','firstname173',NULL,NULL,NULL,NULL,NULL,NULL,'2017-04-26 00:00:00',NULL),(186,'lastname174','firstname174',NULL,NULL,NULL,NULL,NULL,NULL,'2017-04-26 00:00:00',NULL),(187,'lastname175','firstname175',NULL,NULL,NULL,NULL,NULL,NULL,'2017-04-26 00:00:00',NULL),(188,'lastname176','firstname176',NULL,NULL,NULL,NULL,NULL,NULL,'2017-04-26 00:00:00',NULL),(189,'lastname177','firstname177',NULL,NULL,NULL,NULL,NULL,NULL,'2017-04-26 00:00:00',NULL),(190,'lastname178','firstname178',NULL,NULL,NULL,NULL,NULL,NULL,'2017-04-26 00:00:00',NULL),(191,'lastname179','firstname179',NULL,NULL,NULL,NULL,NULL,NULL,'2017-04-26 00:00:00',NULL),(192,'lastname180','firstname180',NULL,NULL,NULL,NULL,NULL,NULL,'2017-04-26 00:00:00',NULL),(193,'lastname181','firstname181',NULL,NULL,NULL,NULL,NULL,NULL,'2017-04-26 00:00:00',NULL),(194,'lastname182','firstname182',NULL,NULL,NULL,NULL,NULL,NULL,'2017-04-26 00:00:00',NULL),(195,'lastname183','firstname183',NULL,NULL,NULL,NULL,NULL,NULL,'2017-04-26 00:00:00',NULL),(196,'lastname184','firstname184',NULL,NULL,NULL,NULL,NULL,NULL,'2017-04-26 00:00:00',NULL),(197,'lastname185','firstname185',NULL,NULL,NULL,NULL,NULL,NULL,'2017-04-26 00:00:00',NULL),(198,'lastname186','firstname186',NULL,NULL,NULL,NULL,NULL,NULL,'2017-04-26 00:00:00',NULL),(199,'lastname187','firstname187',NULL,NULL,NULL,NULL,NULL,NULL,'2017-04-26 00:00:00',NULL),(200,'lastname188','firstname188',NULL,NULL,NULL,NULL,NULL,NULL,'2017-04-26 00:00:00',NULL),(201,'lastname189','firstname189',NULL,NULL,NULL,NULL,NULL,NULL,'2017-04-26 00:00:00',NULL),(202,'lastname190','firstname190',NULL,NULL,NULL,NULL,NULL,NULL,'2017-04-26 00:00:00',NULL),(203,'lastname191','firstname191',NULL,NULL,NULL,NULL,NULL,NULL,'2017-04-26 00:00:00',NULL),(204,'lastname192','firstname192',NULL,NULL,NULL,NULL,NULL,NULL,'2017-04-26 00:00:00',NULL),(205,'lastname193','firstname193',NULL,NULL,NULL,NULL,NULL,NULL,'2017-04-26 00:00:00',NULL),(206,'lastname194','firstname194',NULL,NULL,NULL,NULL,NULL,NULL,'2017-04-26 00:00:00',NULL),(207,'lastname195','firstname195',NULL,NULL,NULL,NULL,NULL,NULL,'2017-04-26 00:00:00',NULL),(208,'lastname196','firstname196',NULL,NULL,NULL,NULL,NULL,NULL,'2017-04-26 00:00:00',NULL),(209,'lastname197','firstname197',NULL,NULL,NULL,NULL,NULL,NULL,'2017-04-26 00:00:00',NULL),(210,'lastname198','firstname198',NULL,NULL,NULL,NULL,NULL,NULL,'2017-04-26 00:00:00',NULL),(211,'lastname199','firstname199',NULL,NULL,NULL,NULL,NULL,NULL,'2017-04-26 00:00:00',NULL),(212,'lastname200','firstname200',NULL,NULL,NULL,NULL,NULL,NULL,'2017-04-26 00:00:00',NULL),(213,'lastname201','firstname201',NULL,NULL,NULL,NULL,NULL,NULL,'2017-04-26 00:00:00',NULL),(214,'lastname202','firstname202',NULL,NULL,NULL,NULL,NULL,NULL,'2017-04-26 00:00:00',NULL),(215,'lastname203','firstname203',NULL,NULL,NULL,NULL,NULL,NULL,'2017-04-26 00:00:00',NULL),(216,'lastname204','firstname204',NULL,NULL,NULL,NULL,NULL,NULL,'2017-04-26 00:00:00',NULL),(217,'lastname205','firstname205',NULL,NULL,NULL,NULL,NULL,NULL,'2017-04-26 00:00:00',NULL),(218,'lastname206','firstname206',NULL,NULL,NULL,NULL,NULL,NULL,'2017-04-26 00:00:00',NULL),(219,'lastname207','firstname207',NULL,NULL,NULL,NULL,NULL,NULL,'2017-04-26 00:00:00',NULL),(220,'lastname208','firstname208',NULL,NULL,NULL,NULL,NULL,NULL,'2017-04-26 00:00:00',NULL),(221,'lastname209','firstname209',NULL,NULL,NULL,NULL,NULL,NULL,'2017-04-26 00:00:00',NULL),(222,'lastname210','firstname210',NULL,NULL,NULL,NULL,NULL,NULL,'2017-04-26 00:00:00',NULL),(223,'lastname211','firstname211',NULL,NULL,NULL,NULL,NULL,NULL,'2017-04-26 00:00:00',NULL),(224,'lastname212','firstname212',NULL,NULL,NULL,NULL,NULL,NULL,'2017-04-26 00:00:00',NULL),(225,'lastname213','firstname213',NULL,NULL,NULL,NULL,NULL,NULL,'2017-04-26 00:00:00',NULL),(226,'lastname214','firstname214',NULL,NULL,NULL,NULL,NULL,NULL,'2017-04-26 00:00:00',NULL),(227,'lastname215','firstname215',NULL,NULL,NULL,NULL,NULL,NULL,'2017-04-26 00:00:00',NULL),(228,'lastname216','firstname216',NULL,NULL,NULL,NULL,NULL,NULL,'2017-04-26 00:00:00',NULL),(229,'lastname217','firstname217',NULL,NULL,NULL,NULL,NULL,NULL,'2017-04-26 00:00:00',NULL),(230,'lastname218','firstname218',NULL,NULL,NULL,NULL,NULL,NULL,'2017-04-26 00:00:00',NULL),(231,'lastname219','firstname219',NULL,NULL,NULL,NULL,NULL,NULL,'2017-04-26 00:00:00',NULL),(232,'lastname220','firstname220',NULL,NULL,NULL,NULL,NULL,NULL,'2017-04-26 00:00:00',NULL),(233,'lastname221','firstname221',NULL,NULL,NULL,NULL,NULL,NULL,'2017-04-26 00:00:00',NULL),(234,'lastname222','firstname222',NULL,NULL,NULL,NULL,NULL,NULL,'2017-04-26 00:00:00',NULL),(235,'lastname223','firstname223',NULL,NULL,NULL,NULL,NULL,NULL,'2017-04-26 00:00:00',NULL),(236,'lastname224','firstname224',NULL,NULL,NULL,NULL,NULL,NULL,'2017-04-26 00:00:00',NULL),(237,'lastname225','firstname225',NULL,NULL,NULL,NULL,NULL,NULL,'2017-04-26 00:00:00',NULL),(238,'lastname226','firstname226',NULL,NULL,NULL,NULL,NULL,NULL,'2017-04-26 00:00:00',NULL),(239,'lastname227','firstname227',NULL,NULL,NULL,NULL,NULL,NULL,'2017-04-26 00:00:00',NULL),(240,'lastname228','firstname228',NULL,NULL,NULL,NULL,NULL,NULL,'2017-04-26 00:00:00',NULL),(241,'lastname229','firstname229',NULL,NULL,NULL,NULL,NULL,NULL,'2017-04-26 00:00:00',NULL),(242,'lastname230','firstname230',NULL,NULL,NULL,NULL,NULL,NULL,'2017-04-26 00:00:00',NULL),(243,'lastname231','firstname231',NULL,NULL,NULL,NULL,NULL,NULL,'2017-04-26 00:00:00',NULL),(244,'lastname232','firstname232',NULL,NULL,NULL,NULL,NULL,NULL,'2017-04-26 00:00:00',NULL),(245,'lastname233','firstname233',NULL,NULL,NULL,NULL,NULL,NULL,'2017-04-26 00:00:00',NULL),(246,'lastname234','firstname234',NULL,NULL,NULL,NULL,NULL,NULL,'2017-04-26 00:00:00',NULL),(247,'lastname235','firstname235',NULL,NULL,NULL,NULL,NULL,NULL,'2017-04-26 00:00:00',NULL),(248,'lastname236','firstname236',NULL,NULL,NULL,NULL,NULL,NULL,'2017-04-26 00:00:00',NULL),(249,'lastname237','firstname237',NULL,NULL,NULL,NULL,NULL,NULL,'2017-04-26 00:00:00',NULL),(250,'lastname238','firstname238',NULL,NULL,NULL,NULL,NULL,NULL,'2017-04-26 00:00:00',NULL),(251,'lastname239','firstname239',NULL,NULL,NULL,NULL,NULL,NULL,'2017-04-26 00:00:00',NULL),(252,'lastname240','firstname240',NULL,NULL,NULL,NULL,NULL,NULL,'2017-04-26 00:00:00',NULL),(253,'lastname241','firstname241',NULL,NULL,NULL,NULL,NULL,NULL,'2017-04-26 00:00:00',NULL),(254,'lastname242','firstname242',NULL,NULL,NULL,NULL,NULL,NULL,'2017-04-26 00:00:00',NULL),(255,'lastname243','firstname243',NULL,NULL,NULL,NULL,NULL,NULL,'2017-04-26 00:00:00',NULL),(256,'lastname244','firstname244',NULL,NULL,NULL,NULL,NULL,NULL,'2017-04-26 00:00:00',NULL),(257,'lastname245','firstname245',NULL,NULL,NULL,NULL,NULL,NULL,'2017-04-26 00:00:00',NULL),(258,'lastname246','firstname246',NULL,NULL,NULL,NULL,NULL,NULL,'2017-04-26 00:00:00',NULL),(259,'lastname247','firstname247',NULL,NULL,NULL,NULL,NULL,NULL,'2017-04-26 00:00:00',NULL),(260,'lastname248','firstname248',NULL,NULL,NULL,NULL,NULL,NULL,'2017-04-26 00:00:00',NULL),(261,'lastname249','firstname249',NULL,NULL,NULL,NULL,NULL,NULL,'2017-04-26 00:00:00',NULL),(273,'Moerds',NULL,NULL,NULL,0,NULL,NULL,NULL,'2017-06-30 11:25:06',NULL),(274,'Moers4',NULL,NULL,NULL,0,NULL,NULL,NULL,'2017-06-30 11:40:51',NULL),(275,'Moers5',NULL,NULL,NULL,0,NULL,NULL,NULL,'2017-06-30 11:42:48',NULL),(276,'Zzzzzzzzzz',NULL,NULL,NULL,0,NULL,NULL,NULL,'2017-07-03 11:03:18',NULL),(277,'YYYYYYYY',NULL,NULL,NULL,0,NULL,NULL,NULL,'2017-07-03 11:05:27',NULL),(278,'z',NULL,NULL,NULL,0,NULL,NULL,NULL,'2017-07-04 10:49:45',NULL),(279,'za',NULL,NULL,NULL,0,NULL,NULL,NULL,'2017-07-04 10:58:30',NULL),(280,'Robert','Test',NULL,NULL,1,'hjgskdjhdgskfsjhdgkjh\r\nolsdhjhflqskjdh','kjhk','2017-07-01','2017-07-17 10:55:41',NULL),(281,'Brut 2',NULL,NULL,NULL,0,NULL,NULL,NULL,'2017-07-17 10:56:27',NULL),(282,'Moers','Ursule',NULL,NULL,0,NULL,'Ceci est un test',NULL,'2017-10-27 12:47:57',NULL);
/*!40000 ALTER TABLE `author` ENABLE KEYS */;
UNLOCK TABLES;

--
-- Table structure for table `author_cycle`
--

DROP TABLE IF EXISTS `author_cycle`;
/*!40101 SET @saved_cs_client     = @@character_set_client */;
/*!40101 SET character_set_client = utf8 */;
CREATE TABLE `author_cycle` (
  `author_id` int(11) NOT NULL,
  `cycle_id` int(11) NOT NULL,
  PRIMARY KEY (`author_id`,`cycle_id`),
  KEY `IDX_A60EF15EF675F31B` (`author_id`),
  KEY `IDX_A60EF15E5EC1162` (`cycle_id`),
  CONSTRAINT `FK_A60EF15E5EC1162` FOREIGN KEY (`cycle_id`) REFERENCES `cycle` (`id`) ON DELETE CASCADE,
  CONSTRAINT `FK_A60EF15EF675F31B` FOREIGN KEY (`author_id`) REFERENCES `author` (`id`) ON DELETE CASCADE
) ENGINE=InnoDB DEFAULT CHARSET=utf8 COLLATE=utf8_unicode_ci;
/*!40101 SET character_set_client = @saved_cs_client */;

--
-- Dumping data for table `author_cycle`
--

LOCK TABLES `author_cycle` WRITE;
/*!40000 ALTER TABLE `author_cycle` DISABLE KEYS */;
INSERT INTO `author_cycle` VALUES (1,3),(2,134),(3,4),(4,135),(4,271),(4,404),(4,407),(4,408),(5,5),(6,136),(6,272),(7,6),(8,137),(8,273),(9,7),(10,138),(10,274),(11,8),(12,139),(12,275),(13,9),(14,140),(14,276),(15,10),(16,141),(16,277),(17,11),(18,142),(18,278),(19,12),(20,143),(20,279),(21,13),(22,144),(22,280),(23,14),(24,145),(24,281),(25,15),(26,146),(26,282),(27,16),(28,147),(28,283),(29,17),(30,148),(30,284),(31,18),(32,149),(32,285),(33,19),(34,150),(34,286),(35,20),(36,151),(36,287),(37,21),(38,152),(38,288),(39,22),(40,153),(40,289),(41,23),(42,154),(42,290),(43,24),(44,155),(44,291),(45,25),(46,156),(46,292),(47,26),(48,157),(48,293),(49,27),(50,158),(50,294),(51,28),(52,159),(52,295),(53,29),(54,160),(54,296),(55,30),(56,161),(56,297),(57,31),(58,162),(58,298),(59,32),(60,163),(60,299),(61,33),(62,164),(62,300),(63,34),(64,165),(64,301),(65,35),(66,166),(66,302),(67,36),(68,167),(68,303),(69,37),(70,168),(70,304),(71,38),(72,169),(72,305),(73,39),(74,170),(74,306),(75,40),(76,171),(76,307),(77,41),(78,172),(78,308),(79,42),(80,173),(80,309),(81,43),(82,174),(82,310),(83,44),(84,175),(84,311),(85,45),(86,176),(86,312),(87,46),(88,177),(88,313),(89,47),(90,178),(90,314),(91,48),(92,179),(92,315),(93,49),(94,180),(94,316),(95,50),(96,181),(96,317),(97,51),(98,182),(98,318),(99,52),(100,183),(100,319),(101,53),(102,184),(102,320),(103,54),(104,185),(104,321),(105,55),(106,186),(106,322),(107,56),(108,187),(108,323),(109,57),(110,188),(110,324),(111,58),(112,189),(112,325),(113,59),(114,190),(114,326),(115,60),(116,191),(116,327),(117,61),(118,192),(118,328),(119,62),(120,193),(120,329),(121,63),(122,194),(122,330),(123,64),(124,195),(124,331),(125,65),(126,196),(126,332),(127,66),(128,197),(128,333),(129,67),(130,198),(130,334),(131,68),(132,199),(132,335),(133,69),(134,200),(134,336),(135,70),(136,201),(136,337),(137,71),(138,202),(138,338),(139,72),(140,203),(140,339),(141,73),(142,204),(142,340),(143,74),(144,205),(144,341),(145,75),(146,206),(146,342),(147,76),(148,207),(148,343),(149,77),(150,208),(150,344),(151,78),(152,209),(152,345),(153,79),(154,210),(154,346),(155,80),(156,211),(156,347),(157,81),(158,212),(158,348),(159,82),(160,213),(160,349),(161,83),(162,214),(162,350),(163,84),(164,215),(164,351),(165,85),(166,216),(166,352),(167,86),(168,217),(168,353),(169,87),(170,218),(170,354),(171,88),(172,219),(172,355),(173,89),(174,220),(174,356),(175,90),(176,221),(176,357),(177,91),(178,222),(178,358),(179,92),(180,223),(180,359),(181,93),(182,224),(182,360),(183,94),(184,225),(184,361),(185,95),(186,226),(186,362),(187,96),(188,227),(188,363),(189,97),(190,228),(190,364),(191,98),(192,229),(192,365),(193,99),(194,230),(194,366),(195,100),(196,231),(196,367),(197,101),(198,232),(198,368),(199,102),(200,233),(200,369),(201,103),(202,234),(202,370),(203,104),(204,235),(204,371),(205,105),(206,236),(206,372),(207,106),(208,237),(208,373),(209,107),(210,238),(210,374),(211,108),(212,239),(212,375),(213,109),(214,240),(214,376),(215,110),(216,241),(216,377),(217,111),(218,242),(218,378),(219,112),(220,243),(220,379),(221,113),(222,244),(222,380),(223,114),(224,245),(224,381),(225,115),(226,246),(226,382),(227,116),(228,247),(228,383),(229,117),(230,248),(230,384),(231,118),(232,249),(232,385),(233,119),(234,250),(234,386),(235,120),(236,251),(236,387),(237,121),(238,252),(238,388),(239,122),(240,253),(240,389),(241,123),(242,254),(242,390),(243,124),(244,255),(244,391),(245,125),(246,256),(246,392),(247,126),(248,257),(248,393),(249,127),(250,258),(250,394),(251,128),(252,259),(252,395),(253,129),(254,260),(254,396),(255,130),(256,261),(256,397),(257,131),(258,262),(258,398),(259,132),(260,263),(260,399),(261,133),(274,400),(275,268),(276,401),(278,402),(280,269),(281,266),(281,267),(281,268),(282,405);
/*!40000 ALTER TABLE `author_cycle` ENABLE KEYS */;
UNLOCK TABLES;

--
-- Table structure for table `book`
--

DROP TABLE IF EXISTS `book`;
/*!40101 SET @saved_cs_client     = @@character_set_client */;
/*!40101 SET character_set_client = utf8 */;
CREATE TABLE `book` (
  `id` int(11) NOT NULL AUTO_INCREMENT,
  `cycle_id` int(11) DEFAULT NULL,
  `title` varchar(500) COLLATE utf8_unicode_ci NOT NULL,
  `presentation` longtext COLLATE utf8_unicode_ci,
  `cover` varchar(255) COLLATE utf8_unicode_ci DEFAULT NULL,
  `editor` varchar(255) COLLATE utf8_unicode_ci DEFAULT NULL,
  `collection` varchar(255) COLLATE utf8_unicode_ci DEFAULT NULL,
  `isbn` varchar(100) COLLATE utf8_unicode_ci DEFAULT NULL,
  `createdate` datetime NOT NULL,
  `format_id` int(11) DEFAULT NULL,
  `volume` int(11) NOT NULL,
  `image` tinyint(1) DEFAULT NULL,
  PRIMARY KEY (`id`),
  KEY `IDX_CBE5A3315EC1162` (`cycle_id`),
  KEY `IDX_CBE5A331D629F605` (`format_id`),
  CONSTRAINT `FK_CBE5A3315EC1162` FOREIGN KEY (`cycle_id`) REFERENCES `cycle` (`id`) ON DELETE CASCADE,
  CONSTRAINT `FK_CBE5A331D629F605` FOREIGN KEY (`format_id`) REFERENCES `system` (`id`)
) ENGINE=InnoDB AUTO_INCREMENT=796 DEFAULT CHARSET=utf8 COLLATE=utf8_unicode_ci;
/*!40101 SET character_set_client = @saved_cs_client */;

--
-- Dumping data for table `book`
--

LOCK TABLES `book` WRITE;
/*!40000 ALTER TABLE `book` DISABLE KEYS */;
INSERT INTO `book` VALUES (1,134,'book_cycle_id_134','presentation',NULL,NULL,NULL,NULL,'2017-05-23 00:00:00',4,1,NULL),(2,134,'book_cycle_id_134','presentation',NULL,NULL,NULL,NULL,'2017-05-23 00:00:00',4,2,NULL),(3,134,'book_cycle_id_134','presentation',NULL,NULL,NULL,NULL,'2017-05-23 00:00:00',4,3,NULL),(4,134,'book_cycle_id_134','presentation',NULL,NULL,NULL,NULL,'2017-05-23 00:00:00',4,4,NULL),(5,134,'book_cycle_id_134','presentation',NULL,NULL,NULL,NULL,'2017-05-23 00:00:00',4,5,NULL),(6,135,'book_cycle_id_135','presentation',NULL,NULL,NULL,NULL,'2017-05-23 00:00:00',4,1,NULL),(7,135,'book_cycle_id_135','presentation',NULL,NULL,NULL,NULL,'2017-05-23 00:00:00',4,2,NULL),(8,135,'book_cycle_id_135','presentation',NULL,NULL,NULL,NULL,'2017-05-23 00:00:00',4,3,NULL),(9,135,'book_cycle_id_135','presentation',NULL,NULL,NULL,NULL,'2017-05-23 00:00:00',4,4,NULL),(10,135,'book_cycle_id_135','presentation',NULL,NULL,NULL,NULL,'2017-05-23 00:00:00',4,5,NULL),(11,136,'book_cycle_id_136','presentation',NULL,NULL,NULL,NULL,'2017-05-23 00:00:00',4,1,NULL),(12,136,'book_cycle_id_136','presentation',NULL,NULL,NULL,NULL,'2017-05-23 00:00:00',4,2,NULL),(13,136,'book_cycle_id_136','presentation',NULL,NULL,NULL,NULL,'2017-05-23 00:00:00',4,3,NULL),(14,136,'book_cycle_id_136','presentation',NULL,NULL,NULL,NULL,'2017-05-23 00:00:00',4,4,NULL),(15,136,'book_cycle_id_136','presentation',NULL,NULL,NULL,NULL,'2017-05-23 00:00:00',4,5,NULL),(16,137,'book_cycle_id_137','presentation',NULL,NULL,NULL,NULL,'2017-05-23 00:00:00',4,1,NULL),(17,137,'book_cycle_id_137','presentation',NULL,NULL,NULL,NULL,'2017-05-23 00:00:00',4,2,NULL),(18,137,'book_cycle_id_137','presentation',NULL,NULL,NULL,NULL,'2017-05-23 00:00:00',4,3,NULL),(19,137,'book_cycle_id_137','presentation',NULL,NULL,NULL,NULL,'2017-05-23 00:00:00',4,4,NULL),(20,137,'book_cycle_id_137','presentation',NULL,NULL,NULL,NULL,'2017-05-23 00:00:00',4,5,NULL),(21,138,'book_cycle_id_138','presentation',NULL,NULL,NULL,NULL,'2017-05-23 00:00:00',4,1,NULL),(22,138,'book_cycle_id_138','presentation',NULL,NULL,NULL,NULL,'2017-05-23 00:00:00',4,2,NULL),(23,138,'book_cycle_id_138','presentation',NULL,NULL,NULL,NULL,'2017-05-23 00:00:00',4,3,NULL),(24,138,'book_cycle_id_138','presentation',NULL,NULL,NULL,NULL,'2017-05-23 00:00:00',4,4,NULL),(25,138,'book_cycle_id_138','presentation',NULL,NULL,NULL,NULL,'2017-05-23 00:00:00',4,5,NULL),(26,139,'book_cycle_id_139','presentation',NULL,NULL,NULL,NULL,'2017-05-23 00:00:00',4,1,NULL),(27,139,'book_cycle_id_139','presentation',NULL,NULL,NULL,NULL,'2017-05-23 00:00:00',4,2,NULL),(28,139,'book_cycle_id_139','presentation',NULL,NULL,NULL,NULL,'2017-05-23 00:00:00',4,3,NULL),(29,139,'book_cycle_id_139','presentation',NULL,NULL,NULL,NULL,'2017-05-23 00:00:00',4,4,NULL),(30,139,'book_cycle_id_139','presentation',NULL,NULL,NULL,NULL,'2017-05-23 00:00:00',4,5,NULL),(31,140,'book_cycle_id_140','presentation',NULL,NULL,NULL,NULL,'2017-05-23 00:00:00',4,1,NULL),(32,140,'book_cycle_id_140','presentation',NULL,NULL,NULL,NULL,'2017-05-23 00:00:00',4,2,NULL),(33,140,'book_cycle_id_140','presentation',NULL,NULL,NULL,NULL,'2017-05-23 00:00:00',4,3,NULL),(34,140,'book_cycle_id_140','presentation',NULL,NULL,NULL,NULL,'2017-05-23 00:00:00',4,4,NULL),(35,140,'book_cycle_id_140','presentation',NULL,NULL,NULL,NULL,'2017-05-23 00:00:00',4,5,NULL),(36,141,'book_cycle_id_141','presentation',NULL,NULL,NULL,NULL,'2017-05-23 00:00:00',4,1,NULL),(37,141,'book_cycle_id_141','presentation',NULL,NULL,NULL,NULL,'2017-05-23 00:00:00',4,2,NULL),(38,141,'book_cycle_id_141','presentation',NULL,NULL,NULL,NULL,'2017-05-23 00:00:00',4,3,NULL),(39,141,'book_cycle_id_141','presentation',NULL,NULL,NULL,NULL,'2017-05-23 00:00:00',4,4,NULL),(40,141,'book_cycle_id_141','presentation',NULL,NULL,NULL,NULL,'2017-05-23 00:00:00',4,5,NULL),(41,142,'book_cycle_id_142','presentation',NULL,NULL,NULL,NULL,'2017-05-23 00:00:00',4,1,NULL),(42,142,'book_cycle_id_142','presentation',NULL,NULL,NULL,NULL,'2017-05-23 00:00:00',4,2,NULL),(43,142,'book_cycle_id_142','presentation',NULL,NULL,NULL,NULL,'2017-05-23 00:00:00',4,3,NULL),(44,142,'book_cycle_id_142','presentation',NULL,NULL,NULL,NULL,'2017-05-23 00:00:00',4,4,NULL),(45,142,'book_cycle_id_142','presentation',NULL,NULL,NULL,NULL,'2017-05-23 00:00:00',4,5,NULL),(46,143,'book_cycle_id_143','presentation',NULL,NULL,NULL,NULL,'2017-05-23 00:00:00',4,1,NULL),(47,143,'book_cycle_id_143','presentation',NULL,NULL,NULL,NULL,'2017-05-23 00:00:00',4,2,NULL),(48,143,'book_cycle_id_143','presentation',NULL,NULL,NULL,NULL,'2017-05-23 00:00:00',4,3,NULL),(49,143,'book_cycle_id_143','presentation',NULL,NULL,NULL,NULL,'2017-05-23 00:00:00',4,4,NULL),(50,143,'book_cycle_id_143','presentation',NULL,NULL,NULL,NULL,'2017-05-23 00:00:00',4,5,NULL),(51,144,'book_cycle_id_144','presentation',NULL,NULL,NULL,NULL,'2017-05-23 00:00:00',4,1,NULL),(52,144,'book_cycle_id_144','presentation',NULL,NULL,NULL,NULL,'2017-05-23 00:00:00',4,2,NULL),(53,144,'book_cycle_id_144','presentation',NULL,NULL,NULL,NULL,'2017-05-23 00:00:00',4,3,NULL),(54,144,'book_cycle_id_144','presentation',NULL,NULL,NULL,NULL,'2017-05-23 00:00:00',4,4,NULL),(55,144,'book_cycle_id_144','presentation',NULL,NULL,NULL,NULL,'2017-05-23 00:00:00',4,5,NULL),(56,145,'book_cycle_id_145','presentation',NULL,NULL,NULL,NULL,'2017-05-23 00:00:00',4,1,NULL),(57,145,'book_cycle_id_145','presentation',NULL,NULL,NULL,NULL,'2017-05-23 00:00:00',4,2,NULL),(58,145,'book_cycle_id_145','presentation',NULL,NULL,NULL,NULL,'2017-05-23 00:00:00',4,3,NULL),(59,145,'book_cycle_id_145','presentation',NULL,NULL,NULL,NULL,'2017-05-23 00:00:00',4,4,NULL),(60,145,'book_cycle_id_145','presentation',NULL,NULL,NULL,NULL,'2017-05-23 00:00:00',4,5,NULL),(61,146,'book_cycle_id_146','presentation',NULL,NULL,NULL,NULL,'2017-05-23 00:00:00',4,1,NULL),(62,146,'book_cycle_id_146','presentation',NULL,NULL,NULL,NULL,'2017-05-23 00:00:00',4,2,NULL),(63,146,'book_cycle_id_146','presentation',NULL,NULL,NULL,NULL,'2017-05-23 00:00:00',4,3,NULL),(64,146,'book_cycle_id_146','presentation',NULL,NULL,NULL,NULL,'2017-05-23 00:00:00',4,4,NULL),(65,146,'book_cycle_id_146','presentation',NULL,NULL,NULL,NULL,'2017-05-23 00:00:00',4,5,NULL),(66,147,'book_cycle_id_147','presentation',NULL,NULL,NULL,NULL,'2017-05-23 00:00:00',4,1,NULL),(67,147,'book_cycle_id_147','presentation',NULL,NULL,NULL,NULL,'2017-05-23 00:00:00',4,2,NULL),(68,147,'book_cycle_id_147','presentation',NULL,NULL,NULL,NULL,'2017-05-23 00:00:00',4,3,NULL),(69,147,'book_cycle_id_147','presentation',NULL,NULL,NULL,NULL,'2017-05-23 00:00:00',4,4,NULL),(70,147,'book_cycle_id_147','presentation',NULL,NULL,NULL,NULL,'2017-05-23 00:00:00',4,5,NULL),(71,148,'book_cycle_id_148','presentation',NULL,NULL,NULL,NULL,'2017-05-23 00:00:00',4,1,NULL),(72,148,'book_cycle_id_148','presentation',NULL,NULL,NULL,NULL,'2017-05-23 00:00:00',4,2,NULL),(73,148,'book_cycle_id_148','presentation',NULL,NULL,NULL,NULL,'2017-05-23 00:00:00',4,3,NULL),(74,148,'book_cycle_id_148','presentation',NULL,NULL,NULL,NULL,'2017-05-23 00:00:00',4,4,NULL),(75,148,'book_cycle_id_148','presentation',NULL,NULL,NULL,NULL,'2017-05-23 00:00:00',4,5,NULL),(76,149,'book_cycle_id_149','presentation',NULL,NULL,NULL,NULL,'2017-05-23 00:00:00',4,1,NULL),(77,149,'book_cycle_id_149','presentation',NULL,NULL,NULL,NULL,'2017-05-23 00:00:00',4,2,NULL),(78,149,'book_cycle_id_149','presentation',NULL,NULL,NULL,NULL,'2017-05-23 00:00:00',4,3,NULL),(79,149,'book_cycle_id_149','presentation',NULL,NULL,NULL,NULL,'2017-05-23 00:00:00',4,4,NULL),(80,149,'book_cycle_id_149','presentation',NULL,NULL,NULL,NULL,'2017-05-23 00:00:00',4,5,NULL),(81,150,'book_cycle_id_150','presentation',NULL,NULL,NULL,NULL,'2017-05-23 00:00:00',4,1,NULL),(82,150,'book_cycle_id_150','presentation',NULL,NULL,NULL,NULL,'2017-05-23 00:00:00',4,2,NULL),(83,150,'book_cycle_id_150','presentation',NULL,NULL,NULL,NULL,'2017-05-23 00:00:00',4,3,NULL),(84,150,'book_cycle_id_150','presentation',NULL,NULL,NULL,NULL,'2017-05-23 00:00:00',4,4,NULL),(85,150,'book_cycle_id_150','presentation',NULL,NULL,NULL,NULL,'2017-05-23 00:00:00',4,5,NULL),(86,151,'book_cycle_id_151','presentation',NULL,NULL,NULL,NULL,'2017-05-23 00:00:00',4,1,NULL),(87,151,'book_cycle_id_151','presentation',NULL,NULL,NULL,NULL,'2017-05-23 00:00:00',4,2,NULL),(88,151,'book_cycle_id_151','presentation',NULL,NULL,NULL,NULL,'2017-05-23 00:00:00',4,3,NULL),(89,151,'book_cycle_id_151','presentation',NULL,NULL,NULL,NULL,'2017-05-23 00:00:00',4,4,NULL),(90,151,'book_cycle_id_151','presentation',NULL,NULL,NULL,NULL,'2017-05-23 00:00:00',4,5,NULL),(91,152,'book_cycle_id_152','presentation',NULL,NULL,NULL,NULL,'2017-05-23 00:00:00',4,1,NULL),(92,152,'book_cycle_id_152','presentation',NULL,NULL,NULL,NULL,'2017-05-23 00:00:00',4,2,NULL),(93,152,'book_cycle_id_152','presentation',NULL,NULL,NULL,NULL,'2017-05-23 00:00:00',4,3,NULL),(94,152,'book_cycle_id_152','presentation',NULL,NULL,NULL,NULL,'2017-05-23 00:00:00',4,4,NULL),(95,152,'book_cycle_id_152','presentation',NULL,NULL,NULL,NULL,'2017-05-23 00:00:00',4,5,NULL),(96,153,'book_cycle_id_153','presentation',NULL,NULL,NULL,NULL,'2017-05-23 00:00:00',4,1,NULL),(97,153,'book_cycle_id_153','presentation',NULL,NULL,NULL,NULL,'2017-05-23 00:00:00',4,2,NULL),(98,153,'book_cycle_id_153','presentation',NULL,NULL,NULL,NULL,'2017-05-23 00:00:00',4,3,NULL),(99,153,'book_cycle_id_153','presentation',NULL,NULL,NULL,NULL,'2017-05-23 00:00:00',4,4,NULL),(100,153,'book_cycle_id_153','presentation',NULL,NULL,NULL,NULL,'2017-05-23 00:00:00',4,5,NULL),(101,154,'book_cycle_id_154','presentation',NULL,NULL,NULL,NULL,'2017-05-23 00:00:00',4,1,NULL),(102,154,'book_cycle_id_154','presentation',NULL,NULL,NULL,NULL,'2017-05-23 00:00:00',4,2,NULL),(103,154,'book_cycle_id_154','presentation',NULL,NULL,NULL,NULL,'2017-05-23 00:00:00',4,3,NULL),(104,154,'book_cycle_id_154','presentation',NULL,NULL,NULL,NULL,'2017-05-23 00:00:00',4,4,NULL),(105,154,'book_cycle_id_154','presentation',NULL,NULL,NULL,NULL,'2017-05-23 00:00:00',4,5,NULL),(106,155,'book_cycle_id_155','presentation',NULL,NULL,NULL,NULL,'2017-05-23 00:00:00',4,1,NULL),(107,155,'book_cycle_id_155','presentation',NULL,NULL,NULL,NULL,'2017-05-23 00:00:00',4,2,NULL),(108,155,'book_cycle_id_155','presentation',NULL,NULL,NULL,NULL,'2017-05-23 00:00:00',4,3,NULL),(109,155,'book_cycle_id_155','presentation',NULL,NULL,NULL,NULL,'2017-05-23 00:00:00',4,4,NULL),(110,155,'book_cycle_id_155','presentation',NULL,NULL,NULL,NULL,'2017-05-23 00:00:00',4,5,NULL),(111,156,'book_cycle_id_156','presentation',NULL,NULL,NULL,NULL,'2017-05-23 00:00:00',4,1,NULL),(112,156,'book_cycle_id_156','presentation',NULL,NULL,NULL,NULL,'2017-05-23 00:00:00',4,2,NULL),(113,156,'book_cycle_id_156','presentation',NULL,NULL,NULL,NULL,'2017-05-23 00:00:00',4,3,NULL),(114,156,'book_cycle_id_156','presentation',NULL,NULL,NULL,NULL,'2017-05-23 00:00:00',4,4,NULL),(115,156,'book_cycle_id_156','presentation',NULL,NULL,NULL,NULL,'2017-05-23 00:00:00',4,5,NULL),(116,157,'book_cycle_id_157','presentation',NULL,NULL,NULL,NULL,'2017-05-23 00:00:00',4,1,NULL),(117,157,'book_cycle_id_157','presentation',NULL,NULL,NULL,NULL,'2017-05-23 00:00:00',4,2,NULL),(118,157,'book_cycle_id_157','presentation',NULL,NULL,NULL,NULL,'2017-05-23 00:00:00',4,3,NULL),(119,157,'book_cycle_id_157','presentation',NULL,NULL,NULL,NULL,'2017-05-23 00:00:00',4,4,NULL),(120,157,'book_cycle_id_157','presentation',NULL,NULL,NULL,NULL,'2017-05-23 00:00:00',4,5,NULL),(121,158,'book_cycle_id_158','presentation',NULL,NULL,NULL,NULL,'2017-05-23 00:00:00',4,1,NULL),(122,158,'book_cycle_id_158','presentation',NULL,NULL,NULL,NULL,'2017-05-23 00:00:00',4,2,NULL),(123,158,'book_cycle_id_158','presentation',NULL,NULL,NULL,NULL,'2017-05-23 00:00:00',4,3,NULL),(124,158,'book_cycle_id_158','presentation',NULL,NULL,NULL,NULL,'2017-05-23 00:00:00',4,4,NULL),(125,158,'book_cycle_id_158','presentation',NULL,NULL,NULL,NULL,'2017-05-23 00:00:00',4,5,NULL),(126,159,'book_cycle_id_159','presentation',NULL,NULL,NULL,NULL,'2017-05-23 00:00:00',4,1,NULL),(127,159,'book_cycle_id_159','presentation',NULL,NULL,NULL,NULL,'2017-05-23 00:00:00',4,2,NULL),(128,159,'book_cycle_id_159','presentation',NULL,NULL,NULL,NULL,'2017-05-23 00:00:00',4,3,NULL),(129,159,'book_cycle_id_159','presentation',NULL,NULL,NULL,NULL,'2017-05-23 00:00:00',4,4,NULL),(130,159,'book_cycle_id_159','presentation',NULL,NULL,NULL,NULL,'2017-05-23 00:00:00',4,5,NULL),(131,160,'book_cycle_id_160','presentation',NULL,NULL,NULL,NULL,'2017-05-23 00:00:00',4,1,NULL),(132,160,'book_cycle_id_160','presentation',NULL,NULL,NULL,NULL,'2017-05-23 00:00:00',4,2,NULL),(133,160,'book_cycle_id_160','presentation',NULL,NULL,NULL,NULL,'2017-05-23 00:00:00',4,3,NULL),(134,160,'book_cycle_id_160','presentation',NULL,NULL,NULL,NULL,'2017-05-23 00:00:00',4,4,NULL),(135,160,'book_cycle_id_160','presentation',NULL,NULL,NULL,NULL,'2017-05-23 00:00:00',4,5,NULL),(136,161,'book_cycle_id_161','presentation',NULL,NULL,NULL,NULL,'2017-05-23 00:00:00',4,1,NULL),(137,161,'book_cycle_id_161','presentation',NULL,NULL,NULL,NULL,'2017-05-23 00:00:00',4,2,NULL),(138,161,'book_cycle_id_161','presentation',NULL,NULL,NULL,NULL,'2017-05-23 00:00:00',4,3,NULL),(139,161,'book_cycle_id_161','presentation',NULL,NULL,NULL,NULL,'2017-05-23 00:00:00',4,4,NULL),(140,161,'book_cycle_id_161','presentation',NULL,NULL,NULL,NULL,'2017-05-23 00:00:00',4,5,NULL),(141,162,'book_cycle_id_162','presentation',NULL,NULL,NULL,NULL,'2017-05-23 00:00:00',4,1,NULL),(142,162,'book_cycle_id_162','presentation',NULL,NULL,NULL,NULL,'2017-05-23 00:00:00',4,2,NULL),(143,162,'book_cycle_id_162','presentation',NULL,NULL,NULL,NULL,'2017-05-23 00:00:00',4,3,NULL),(144,162,'book_cycle_id_162','presentation',NULL,NULL,NULL,NULL,'2017-05-23 00:00:00',4,4,NULL),(145,162,'book_cycle_id_162','presentation',NULL,NULL,NULL,NULL,'2017-05-23 00:00:00',4,5,NULL),(146,163,'book_cycle_id_163','presentation',NULL,NULL,NULL,NULL,'2017-05-23 00:00:00',4,1,NULL),(147,163,'book_cycle_id_163','presentation',NULL,NULL,NULL,NULL,'2017-05-23 00:00:00',4,2,NULL),(148,163,'book_cycle_id_163','presentation',NULL,NULL,NULL,NULL,'2017-05-23 00:00:00',4,3,NULL),(149,163,'book_cycle_id_163','presentation',NULL,NULL,NULL,NULL,'2017-05-23 00:00:00',4,4,NULL),(150,163,'book_cycle_id_163','presentation',NULL,NULL,NULL,NULL,'2017-05-23 00:00:00',4,5,NULL),(151,164,'book_cycle_id_164','presentation',NULL,NULL,NULL,NULL,'2017-05-23 00:00:00',4,1,NULL),(152,164,'book_cycle_id_164','presentation',NULL,NULL,NULL,NULL,'2017-05-23 00:00:00',4,2,NULL),(153,164,'book_cycle_id_164','presentation',NULL,NULL,NULL,NULL,'2017-05-23 00:00:00',4,3,NULL),(154,164,'book_cycle_id_164','presentation',NULL,NULL,NULL,NULL,'2017-05-23 00:00:00',4,4,NULL),(155,164,'book_cycle_id_164','presentation',NULL,NULL,NULL,NULL,'2017-05-23 00:00:00',4,5,NULL),(156,165,'book_cycle_id_165','presentation',NULL,NULL,NULL,NULL,'2017-05-23 00:00:00',4,1,NULL),(157,165,'book_cycle_id_165','presentation',NULL,NULL,NULL,NULL,'2017-05-23 00:00:00',4,2,NULL),(158,165,'book_cycle_id_165','presentation',NULL,NULL,NULL,NULL,'2017-05-23 00:00:00',4,3,NULL),(159,165,'book_cycle_id_165','presentation',NULL,NULL,NULL,NULL,'2017-05-23 00:00:00',4,4,NULL),(160,165,'book_cycle_id_165','presentation',NULL,NULL,NULL,NULL,'2017-05-23 00:00:00',4,5,NULL),(161,166,'book_cycle_id_166','presentation',NULL,NULL,NULL,NULL,'2017-05-23 00:00:00',4,1,NULL),(162,166,'book_cycle_id_166','presentation',NULL,NULL,NULL,NULL,'2017-05-23 00:00:00',4,2,NULL),(163,166,'book_cycle_id_166','presentation',NULL,NULL,NULL,NULL,'2017-05-23 00:00:00',4,3,NULL),(164,166,'book_cycle_id_166','presentation',NULL,NULL,NULL,NULL,'2017-05-23 00:00:00',4,4,NULL),(165,166,'book_cycle_id_166','presentation',NULL,NULL,NULL,NULL,'2017-05-23 00:00:00',4,5,NULL),(166,167,'book_cycle_id_167','presentation',NULL,NULL,NULL,NULL,'2017-05-23 00:00:00',4,1,NULL),(167,167,'book_cycle_id_167','presentation',NULL,NULL,NULL,NULL,'2017-05-23 00:00:00',4,2,NULL),(168,167,'book_cycle_id_167','presentation',NULL,NULL,NULL,NULL,'2017-05-23 00:00:00',4,3,NULL),(169,167,'book_cycle_id_167','presentation',NULL,NULL,NULL,NULL,'2017-05-23 00:00:00',4,4,NULL),(170,167,'book_cycle_id_167','presentation',NULL,NULL,NULL,NULL,'2017-05-23 00:00:00',4,5,NULL),(171,168,'book_cycle_id_168','presentation',NULL,NULL,NULL,NULL,'2017-05-23 00:00:00',4,1,NULL),(172,168,'book_cycle_id_168','presentation',NULL,NULL,NULL,NULL,'2017-05-23 00:00:00',4,2,NULL),(173,168,'book_cycle_id_168','presentation',NULL,NULL,NULL,NULL,'2017-05-23 00:00:00',4,3,NULL),(174,168,'book_cycle_id_168','presentation',NULL,NULL,NULL,NULL,'2017-05-23 00:00:00',4,4,NULL),(175,168,'book_cycle_id_168','presentation',NULL,NULL,NULL,NULL,'2017-05-23 00:00:00',4,5,NULL),(176,169,'book_cycle_id_169','presentation',NULL,NULL,NULL,NULL,'2017-05-23 00:00:00',4,1,NULL),(177,169,'book_cycle_id_169','presentation',NULL,NULL,NULL,NULL,'2017-05-23 00:00:00',4,2,NULL),(178,169,'book_cycle_id_169','presentation',NULL,NULL,NULL,NULL,'2017-05-23 00:00:00',4,3,NULL),(179,169,'book_cycle_id_169','presentation',NULL,NULL,NULL,NULL,'2017-05-23 00:00:00',4,4,NULL),(180,169,'book_cycle_id_169','presentation',NULL,NULL,NULL,NULL,'2017-05-23 00:00:00',4,5,NULL),(181,170,'book_cycle_id_170','presentation',NULL,NULL,NULL,NULL,'2017-05-23 00:00:00',4,1,NULL),(182,170,'book_cycle_id_170','presentation',NULL,NULL,NULL,NULL,'2017-05-23 00:00:00',4,2,NULL),(183,170,'book_cycle_id_170','presentation',NULL,NULL,NULL,NULL,'2017-05-23 00:00:00',4,3,NULL),(184,170,'book_cycle_id_170','presentation',NULL,NULL,NULL,NULL,'2017-05-23 00:00:00',4,4,NULL),(185,170,'book_cycle_id_170','presentation',NULL,NULL,NULL,NULL,'2017-05-23 00:00:00',4,5,NULL),(186,171,'book_cycle_id_171','presentation',NULL,NULL,NULL,NULL,'2017-05-23 00:00:00',4,1,NULL),(187,171,'book_cycle_id_171','presentation',NULL,NULL,NULL,NULL,'2017-05-23 00:00:00',4,2,NULL),(188,171,'book_cycle_id_171','presentation',NULL,NULL,NULL,NULL,'2017-05-23 00:00:00',4,3,NULL),(189,171,'book_cycle_id_171','presentation',NULL,NULL,NULL,NULL,'2017-05-23 00:00:00',4,4,NULL),(190,171,'book_cycle_id_171','presentation',NULL,NULL,NULL,NULL,'2017-05-23 00:00:00',4,5,NULL),(191,172,'book_cycle_id_172','presentation',NULL,NULL,NULL,NULL,'2017-05-23 00:00:00',4,1,NULL),(192,172,'book_cycle_id_172','presentation',NULL,NULL,NULL,NULL,'2017-05-23 00:00:00',4,2,NULL),(193,172,'book_cycle_id_172','presentation',NULL,NULL,NULL,NULL,'2017-05-23 00:00:00',4,3,NULL),(194,172,'book_cycle_id_172','presentation',NULL,NULL,NULL,NULL,'2017-05-23 00:00:00',4,4,NULL),(195,172,'book_cycle_id_172','presentation',NULL,NULL,NULL,NULL,'2017-05-23 00:00:00',4,5,NULL),(196,173,'book_cycle_id_173','presentation',NULL,NULL,NULL,NULL,'2017-05-23 00:00:00',4,1,NULL),(197,173,'book_cycle_id_173','presentation',NULL,NULL,NULL,NULL,'2017-05-23 00:00:00',4,2,NULL),(198,173,'book_cycle_id_173','presentation',NULL,NULL,NULL,NULL,'2017-05-23 00:00:00',4,3,NULL),(199,173,'book_cycle_id_173','presentation',NULL,NULL,NULL,NULL,'2017-05-23 00:00:00',4,4,NULL),(200,173,'book_cycle_id_173','presentation',NULL,NULL,NULL,NULL,'2017-05-23 00:00:00',4,5,NULL),(201,174,'book_cycle_id_174','presentation',NULL,NULL,NULL,NULL,'2017-05-23 00:00:00',4,1,NULL),(202,174,'book_cycle_id_174','presentation',NULL,NULL,NULL,NULL,'2017-05-23 00:00:00',4,2,NULL),(203,174,'book_cycle_id_174','presentation',NULL,NULL,NULL,NULL,'2017-05-23 00:00:00',4,3,NULL),(204,174,'book_cycle_id_174','presentation',NULL,NULL,NULL,NULL,'2017-05-23 00:00:00',4,4,NULL),(205,174,'book_cycle_id_174','presentation',NULL,NULL,NULL,NULL,'2017-05-23 00:00:00',4,5,NULL),(206,175,'book_cycle_id_175','presentation',NULL,NULL,NULL,NULL,'2017-05-23 00:00:00',4,1,NULL),(207,175,'book_cycle_id_175','presentation',NULL,NULL,NULL,NULL,'2017-05-23 00:00:00',4,2,NULL),(208,175,'book_cycle_id_175','presentation',NULL,NULL,NULL,NULL,'2017-05-23 00:00:00',4,3,NULL),(209,175,'book_cycle_id_175','presentation',NULL,NULL,NULL,NULL,'2017-05-23 00:00:00',4,4,NULL),(210,175,'book_cycle_id_175','presentation',NULL,NULL,NULL,NULL,'2017-05-23 00:00:00',4,5,NULL),(211,176,'book_cycle_id_176','presentation',NULL,NULL,NULL,NULL,'2017-05-23 00:00:00',4,1,NULL),(212,176,'book_cycle_id_176','presentation',NULL,NULL,NULL,NULL,'2017-05-23 00:00:00',4,2,NULL),(213,176,'book_cycle_id_176','presentation',NULL,NULL,NULL,NULL,'2017-05-23 00:00:00',4,3,NULL),(214,176,'book_cycle_id_176','presentation',NULL,NULL,NULL,NULL,'2017-05-23 00:00:00',4,4,NULL),(215,176,'book_cycle_id_176','presentation',NULL,NULL,NULL,NULL,'2017-05-23 00:00:00',4,5,NULL),(216,177,'book_cycle_id_177','presentation',NULL,NULL,NULL,NULL,'2017-05-23 00:00:00',4,1,NULL),(217,177,'book_cycle_id_177','presentation',NULL,NULL,NULL,NULL,'2017-05-23 00:00:00',4,2,NULL),(218,177,'book_cycle_id_177','presentation',NULL,NULL,NULL,NULL,'2017-05-23 00:00:00',4,3,NULL),(219,177,'book_cycle_id_177','presentation',NULL,NULL,NULL,NULL,'2017-05-23 00:00:00',4,4,NULL),(220,177,'book_cycle_id_177','presentation',NULL,NULL,NULL,NULL,'2017-05-23 00:00:00',4,5,NULL),(221,178,'book_cycle_id_178','presentation',NULL,NULL,NULL,NULL,'2017-05-23 00:00:00',4,1,NULL),(222,178,'book_cycle_id_178','presentation',NULL,NULL,NULL,NULL,'2017-05-23 00:00:00',4,2,NULL),(223,178,'book_cycle_id_178','presentation',NULL,NULL,NULL,NULL,'2017-05-23 00:00:00',4,3,NULL),(224,178,'book_cycle_id_178','presentation',NULL,NULL,NULL,NULL,'2017-05-23 00:00:00',4,4,NULL),(225,178,'book_cycle_id_178','presentation',NULL,NULL,NULL,NULL,'2017-05-23 00:00:00',4,5,NULL),(226,179,'book_cycle_id_179','presentation',NULL,NULL,NULL,NULL,'2017-05-23 00:00:00',4,1,NULL),(227,179,'book_cycle_id_179','presentation',NULL,NULL,NULL,NULL,'2017-05-23 00:00:00',4,2,NULL),(228,179,'book_cycle_id_179','presentation',NULL,NULL,NULL,NULL,'2017-05-23 00:00:00',4,3,NULL),(229,179,'book_cycle_id_179','presentation',NULL,NULL,NULL,NULL,'2017-05-23 00:00:00',4,4,NULL),(230,179,'book_cycle_id_179','presentation',NULL,NULL,NULL,NULL,'2017-05-23 00:00:00',4,5,NULL),(231,180,'book_cycle_id_180','presentation',NULL,NULL,NULL,NULL,'2017-05-23 00:00:00',4,1,NULL),(232,180,'book_cycle_id_180','presentation',NULL,NULL,NULL,NULL,'2017-05-23 00:00:00',4,2,NULL),(233,180,'book_cycle_id_180','presentation',NULL,NULL,NULL,NULL,'2017-05-23 00:00:00',4,3,NULL),(234,180,'book_cycle_id_180','presentation',NULL,NULL,NULL,NULL,'2017-05-23 00:00:00',4,4,NULL),(235,180,'book_cycle_id_180','presentation',NULL,NULL,NULL,NULL,'2017-05-23 00:00:00',4,5,NULL),(236,181,'book_cycle_id_181','presentation',NULL,NULL,NULL,NULL,'2017-05-23 00:00:00',4,1,NULL),(237,181,'book_cycle_id_181','presentation',NULL,NULL,NULL,NULL,'2017-05-23 00:00:00',4,2,NULL),(238,181,'book_cycle_id_181','presentation',NULL,NULL,NULL,NULL,'2017-05-23 00:00:00',4,3,NULL),(239,181,'book_cycle_id_181','presentation',NULL,NULL,NULL,NULL,'2017-05-23 00:00:00',4,4,NULL),(240,181,'book_cycle_id_181','presentation',NULL,NULL,NULL,NULL,'2017-05-23 00:00:00',4,5,NULL),(241,182,'book_cycle_id_182','presentation',NULL,NULL,NULL,NULL,'2017-05-23 00:00:00',4,1,NULL),(242,182,'book_cycle_id_182','presentation',NULL,NULL,NULL,NULL,'2017-05-23 00:00:00',4,2,NULL),(243,182,'book_cycle_id_182','presentation',NULL,NULL,NULL,NULL,'2017-05-23 00:00:00',4,3,NULL),(244,182,'book_cycle_id_182','presentation',NULL,NULL,NULL,NULL,'2017-05-23 00:00:00',4,4,NULL),(245,182,'book_cycle_id_182','presentation',NULL,NULL,NULL,NULL,'2017-05-23 00:00:00',4,5,NULL),(246,183,'book_cycle_id_183','presentation',NULL,NULL,NULL,NULL,'2017-05-23 00:00:00',4,1,NULL),(247,183,'book_cycle_id_183','presentation',NULL,NULL,NULL,NULL,'2017-05-23 00:00:00',4,2,NULL),(248,183,'book_cycle_id_183','presentation',NULL,NULL,NULL,NULL,'2017-05-23 00:00:00',4,3,NULL),(249,183,'book_cycle_id_183','presentation',NULL,NULL,NULL,NULL,'2017-05-23 00:00:00',4,4,NULL),(250,183,'book_cycle_id_183','presentation',NULL,NULL,NULL,NULL,'2017-05-23 00:00:00',4,5,NULL),(251,184,'book_cycle_id_184','presentation',NULL,NULL,NULL,NULL,'2017-05-23 00:00:00',4,1,NULL),(252,184,'book_cycle_id_184','presentation',NULL,NULL,NULL,NULL,'2017-05-23 00:00:00',4,2,NULL),(253,184,'book_cycle_id_184','presentation',NULL,NULL,NULL,NULL,'2017-05-23 00:00:00',4,3,NULL),(254,184,'book_cycle_id_184','presentation',NULL,NULL,NULL,NULL,'2017-05-23 00:00:00',4,4,NULL),(255,184,'book_cycle_id_184','presentation',NULL,NULL,NULL,NULL,'2017-05-23 00:00:00',4,5,NULL),(256,185,'book_cycle_id_185','presentation',NULL,NULL,NULL,NULL,'2017-05-23 00:00:00',4,1,NULL),(257,185,'book_cycle_id_185','presentation',NULL,NULL,NULL,NULL,'2017-05-23 00:00:00',4,2,NULL),(258,185,'book_cycle_id_185','presentation',NULL,NULL,NULL,NULL,'2017-05-23 00:00:00',4,3,NULL),(259,185,'book_cycle_id_185','presentation',NULL,NULL,NULL,NULL,'2017-05-23 00:00:00',4,4,NULL),(260,185,'book_cycle_id_185','presentation',NULL,NULL,NULL,NULL,'2017-05-23 00:00:00',4,5,NULL),(261,186,'book_cycle_id_186','presentation',NULL,NULL,NULL,NULL,'2017-05-23 00:00:00',4,1,NULL),(262,186,'book_cycle_id_186','presentation',NULL,NULL,NULL,NULL,'2017-05-23 00:00:00',4,2,NULL),(263,186,'book_cycle_id_186','presentation',NULL,NULL,NULL,NULL,'2017-05-23 00:00:00',4,3,NULL),(264,186,'book_cycle_id_186','presentation',NULL,NULL,NULL,NULL,'2017-05-23 00:00:00',4,4,NULL),(265,186,'book_cycle_id_186','presentation',NULL,NULL,NULL,NULL,'2017-05-23 00:00:00',4,5,NULL),(266,187,'book_cycle_id_187','presentation',NULL,NULL,NULL,NULL,'2017-05-23 00:00:00',4,1,NULL),(267,187,'book_cycle_id_187','presentation',NULL,NULL,NULL,NULL,'2017-05-23 00:00:00',4,2,NULL),(268,187,'book_cycle_id_187','presentation',NULL,NULL,NULL,NULL,'2017-05-23 00:00:00',4,3,NULL),(269,187,'book_cycle_id_187','presentation',NULL,NULL,NULL,NULL,'2017-05-23 00:00:00',4,4,NULL),(270,187,'book_cycle_id_187','presentation',NULL,NULL,NULL,NULL,'2017-05-23 00:00:00',4,5,NULL),(271,188,'book_cycle_id_188','presentation',NULL,NULL,NULL,NULL,'2017-05-23 00:00:00',4,1,NULL),(272,188,'book_cycle_id_188','presentation',NULL,NULL,NULL,NULL,'2017-05-23 00:00:00',4,2,NULL),(273,188,'book_cycle_id_188','presentation',NULL,NULL,NULL,NULL,'2017-05-23 00:00:00',4,3,NULL),(274,188,'book_cycle_id_188','presentation',NULL,NULL,NULL,NULL,'2017-05-23 00:00:00',4,4,NULL),(275,188,'book_cycle_id_188','presentation',NULL,NULL,NULL,NULL,'2017-05-23 00:00:00',4,5,NULL),(276,189,'book_cycle_id_189','presentation',NULL,NULL,NULL,NULL,'2017-05-23 00:00:00',4,1,NULL),(277,189,'book_cycle_id_189','presentation',NULL,NULL,NULL,NULL,'2017-05-23 00:00:00',4,2,NULL),(278,189,'book_cycle_id_189','presentation',NULL,NULL,NULL,NULL,'2017-05-23 00:00:00',4,3,NULL),(279,189,'book_cycle_id_189','presentation',NULL,NULL,NULL,NULL,'2017-05-23 00:00:00',4,4,NULL),(280,189,'book_cycle_id_189','presentation',NULL,NULL,NULL,NULL,'2017-05-23 00:00:00',4,5,NULL),(281,190,'book_cycle_id_190','presentation',NULL,NULL,NULL,NULL,'2017-05-23 00:00:00',4,1,NULL),(282,190,'book_cycle_id_190','presentation',NULL,NULL,NULL,NULL,'2017-05-23 00:00:00',4,2,NULL),(283,190,'book_cycle_id_190','presentation',NULL,NULL,NULL,NULL,'2017-05-23 00:00:00',4,3,NULL),(284,190,'book_cycle_id_190','presentation',NULL,NULL,NULL,NULL,'2017-05-23 00:00:00',4,4,NULL),(285,190,'book_cycle_id_190','presentation',NULL,NULL,NULL,NULL,'2017-05-23 00:00:00',4,5,NULL),(286,191,'book_cycle_id_191','presentation',NULL,NULL,NULL,NULL,'2017-05-23 00:00:00',4,1,NULL),(287,191,'book_cycle_id_191','presentation',NULL,NULL,NULL,NULL,'2017-05-23 00:00:00',4,2,NULL),(288,191,'book_cycle_id_191','presentation',NULL,NULL,NULL,NULL,'2017-05-23 00:00:00',4,3,NULL),(289,191,'book_cycle_id_191','presentation',NULL,NULL,NULL,NULL,'2017-05-23 00:00:00',4,4,NULL),(290,191,'book_cycle_id_191','presentation',NULL,NULL,NULL,NULL,'2017-05-23 00:00:00',4,5,NULL),(291,192,'book_cycle_id_192','presentation',NULL,NULL,NULL,NULL,'2017-05-23 00:00:00',4,1,NULL),(292,192,'book_cycle_id_192','presentation',NULL,NULL,NULL,NULL,'2017-05-23 00:00:00',4,2,NULL),(293,192,'book_cycle_id_192','presentation',NULL,NULL,NULL,NULL,'2017-05-23 00:00:00',4,3,NULL),(294,192,'book_cycle_id_192','presentation',NULL,NULL,NULL,NULL,'2017-05-23 00:00:00',4,4,NULL),(295,192,'book_cycle_id_192','presentation',NULL,NULL,NULL,NULL,'2017-05-23 00:00:00',4,5,NULL),(296,193,'book_cycle_id_193','presentation',NULL,NULL,NULL,NULL,'2017-05-23 00:00:00',4,1,NULL),(297,193,'book_cycle_id_193','presentation',NULL,NULL,NULL,NULL,'2017-05-23 00:00:00',4,2,NULL),(298,193,'book_cycle_id_193','presentation',NULL,NULL,NULL,NULL,'2017-05-23 00:00:00',4,3,NULL),(299,193,'book_cycle_id_193','presentation',NULL,NULL,NULL,NULL,'2017-05-23 00:00:00',4,4,NULL),(300,193,'book_cycle_id_193','presentation',NULL,NULL,NULL,NULL,'2017-05-23 00:00:00',4,5,NULL),(301,194,'book_cycle_id_194','presentation',NULL,NULL,NULL,NULL,'2017-05-23 00:00:00',4,1,NULL),(302,194,'book_cycle_id_194','presentation',NULL,NULL,NULL,NULL,'2017-05-23 00:00:00',4,2,NULL),(303,194,'book_cycle_id_194','presentation',NULL,NULL,NULL,NULL,'2017-05-23 00:00:00',4,3,NULL),(304,194,'book_cycle_id_194','presentation',NULL,NULL,NULL,NULL,'2017-05-23 00:00:00',4,4,NULL),(305,194,'book_cycle_id_194','presentation',NULL,NULL,NULL,NULL,'2017-05-23 00:00:00',4,5,NULL),(306,195,'book_cycle_id_195','presentation',NULL,NULL,NULL,NULL,'2017-05-23 00:00:00',4,1,NULL),(307,195,'book_cycle_id_195','presentation',NULL,NULL,NULL,NULL,'2017-05-23 00:00:00',4,2,NULL),(308,195,'book_cycle_id_195','presentation',NULL,NULL,NULL,NULL,'2017-05-23 00:00:00',4,3,NULL),(309,195,'book_cycle_id_195','presentation',NULL,NULL,NULL,NULL,'2017-05-23 00:00:00',4,4,NULL),(310,195,'book_cycle_id_195','presentation',NULL,NULL,NULL,NULL,'2017-05-23 00:00:00',4,5,NULL),(311,196,'book_cycle_id_196','presentation',NULL,NULL,NULL,NULL,'2017-05-23 00:00:00',4,1,NULL),(312,196,'book_cycle_id_196','presentation',NULL,NULL,NULL,NULL,'2017-05-23 00:00:00',4,2,NULL),(313,196,'book_cycle_id_196','presentation',NULL,NULL,NULL,NULL,'2017-05-23 00:00:00',4,3,NULL),(314,196,'book_cycle_id_196','presentation',NULL,NULL,NULL,NULL,'2017-05-23 00:00:00',4,4,NULL),(315,196,'book_cycle_id_196','presentation',NULL,NULL,NULL,NULL,'2017-05-23 00:00:00',4,5,NULL),(316,197,'book_cycle_id_197','presentation',NULL,NULL,NULL,NULL,'2017-05-23 00:00:00',4,1,NULL),(317,197,'book_cycle_id_197','presentation',NULL,NULL,NULL,NULL,'2017-05-23 00:00:00',4,2,NULL),(318,197,'book_cycle_id_197','presentation',NULL,NULL,NULL,NULL,'2017-05-23 00:00:00',4,3,NULL),(319,197,'book_cycle_id_197','presentation',NULL,NULL,NULL,NULL,'2017-05-23 00:00:00',4,4,NULL),(320,197,'book_cycle_id_197','presentation',NULL,NULL,NULL,NULL,'2017-05-23 00:00:00',4,5,NULL),(321,198,'book_cycle_id_198','presentation',NULL,NULL,NULL,NULL,'2017-05-23 00:00:00',4,1,NULL),(322,198,'book_cycle_id_198','presentation',NULL,NULL,NULL,NULL,'2017-05-23 00:00:00',4,2,NULL),(323,198,'book_cycle_id_198','presentation',NULL,NULL,NULL,NULL,'2017-05-23 00:00:00',4,3,NULL),(324,198,'book_cycle_id_198','presentation',NULL,NULL,NULL,NULL,'2017-05-23 00:00:00',4,4,NULL),(325,198,'book_cycle_id_198','presentation',NULL,NULL,NULL,NULL,'2017-05-23 00:00:00',4,5,NULL),(326,199,'book_cycle_id_199','presentation',NULL,NULL,NULL,NULL,'2017-05-23 00:00:00',4,1,NULL),(327,199,'book_cycle_id_199','presentation',NULL,NULL,NULL,NULL,'2017-05-23 00:00:00',4,2,NULL),(328,199,'book_cycle_id_199','presentation',NULL,NULL,NULL,NULL,'2017-05-23 00:00:00',4,3,NULL),(329,199,'book_cycle_id_199','presentation',NULL,NULL,NULL,NULL,'2017-05-23 00:00:00',4,4,NULL),(330,199,'book_cycle_id_199','presentation',NULL,NULL,NULL,NULL,'2017-05-23 00:00:00',4,5,NULL),(331,200,'book_cycle_id_200','presentation',NULL,NULL,NULL,NULL,'2017-05-23 00:00:00',4,1,NULL),(332,200,'book_cycle_id_200','presentation',NULL,NULL,NULL,NULL,'2017-05-23 00:00:00',4,2,NULL),(333,200,'book_cycle_id_200','presentation',NULL,NULL,NULL,NULL,'2017-05-23 00:00:00',4,3,NULL),(334,200,'book_cycle_id_200','presentation',NULL,NULL,NULL,NULL,'2017-05-23 00:00:00',4,4,NULL),(335,200,'book_cycle_id_200','presentation',NULL,NULL,NULL,NULL,'2017-05-23 00:00:00',4,5,NULL),(336,201,'book_cycle_id_201','presentation',NULL,NULL,NULL,NULL,'2017-05-23 00:00:00',4,1,NULL),(337,201,'book_cycle_id_201','presentation',NULL,NULL,NULL,NULL,'2017-05-23 00:00:00',4,2,NULL),(338,201,'book_cycle_id_201','presentation',NULL,NULL,NULL,NULL,'2017-05-23 00:00:00',4,3,NULL),(339,201,'book_cycle_id_201','presentation',NULL,NULL,NULL,NULL,'2017-05-23 00:00:00',4,4,NULL),(340,201,'book_cycle_id_201','presentation',NULL,NULL,NULL,NULL,'2017-05-23 00:00:00',4,5,NULL),(341,202,'book_cycle_id_202','presentation',NULL,NULL,NULL,NULL,'2017-05-23 00:00:00',4,1,NULL),(342,202,'book_cycle_id_202','presentation',NULL,NULL,NULL,NULL,'2017-05-23 00:00:00',4,2,NULL),(343,202,'book_cycle_id_202','presentation',NULL,NULL,NULL,NULL,'2017-05-23 00:00:00',4,3,NULL),(344,202,'book_cycle_id_202','presentation',NULL,NULL,NULL,NULL,'2017-05-23 00:00:00',4,4,NULL),(345,202,'book_cycle_id_202','presentation',NULL,NULL,NULL,NULL,'2017-05-23 00:00:00',4,5,NULL),(346,203,'book_cycle_id_203','presentation',NULL,NULL,NULL,NULL,'2017-05-23 00:00:00',4,1,NULL),(347,203,'book_cycle_id_203','presentation',NULL,NULL,NULL,NULL,'2017-05-23 00:00:00',4,2,NULL),(348,203,'book_cycle_id_203','presentation',NULL,NULL,NULL,NULL,'2017-05-23 00:00:00',4,3,NULL),(349,203,'book_cycle_id_203','presentation',NULL,NULL,NULL,NULL,'2017-05-23 00:00:00',4,4,NULL),(350,203,'book_cycle_id_203','presentation',NULL,NULL,NULL,NULL,'2017-05-23 00:00:00',4,5,NULL),(351,204,'book_cycle_id_204','presentation',NULL,NULL,NULL,NULL,'2017-05-23 00:00:00',4,1,NULL),(352,204,'book_cycle_id_204','presentation',NULL,NULL,NULL,NULL,'2017-05-23 00:00:00',4,2,NULL),(353,204,'book_cycle_id_204','presentation',NULL,NULL,NULL,NULL,'2017-05-23 00:00:00',4,3,NULL),(354,204,'book_cycle_id_204','presentation',NULL,NULL,NULL,NULL,'2017-05-23 00:00:00',4,4,NULL),(355,204,'book_cycle_id_204','presentation',NULL,NULL,NULL,NULL,'2017-05-23 00:00:00',4,5,NULL),(356,205,'book_cycle_id_205','presentation',NULL,NULL,NULL,NULL,'2017-05-23 00:00:00',4,1,NULL),(357,205,'book_cycle_id_205','presentation',NULL,NULL,NULL,NULL,'2017-05-23 00:00:00',4,2,NULL),(358,205,'book_cycle_id_205','presentation',NULL,NULL,NULL,NULL,'2017-05-23 00:00:00',4,3,NULL),(359,205,'book_cycle_id_205','presentation',NULL,NULL,NULL,NULL,'2017-05-23 00:00:00',4,4,NULL),(360,205,'book_cycle_id_205','presentation',NULL,NULL,NULL,NULL,'2017-05-23 00:00:00',4,5,NULL),(361,206,'book_cycle_id_206','presentation',NULL,NULL,NULL,NULL,'2017-05-23 00:00:00',4,1,NULL),(362,206,'book_cycle_id_206','presentation',NULL,NULL,NULL,NULL,'2017-05-23 00:00:00',4,2,NULL),(363,206,'book_cycle_id_206','presentation',NULL,NULL,NULL,NULL,'2017-05-23 00:00:00',4,3,NULL),(364,206,'book_cycle_id_206','presentation',NULL,NULL,NULL,NULL,'2017-05-23 00:00:00',4,4,NULL),(365,206,'book_cycle_id_206','presentation',NULL,NULL,NULL,NULL,'2017-05-23 00:00:00',4,5,NULL),(366,207,'book_cycle_id_207','presentation',NULL,NULL,NULL,NULL,'2017-05-23 00:00:00',4,1,NULL),(367,207,'book_cycle_id_207','presentation',NULL,NULL,NULL,NULL,'2017-05-23 00:00:00',4,2,NULL),(368,207,'book_cycle_id_207','presentation',NULL,NULL,NULL,NULL,'2017-05-23 00:00:00',4,3,NULL),(369,207,'book_cycle_id_207','presentation',NULL,NULL,NULL,NULL,'2017-05-23 00:00:00',4,4,NULL),(370,207,'book_cycle_id_207','presentation',NULL,NULL,NULL,NULL,'2017-05-23 00:00:00',4,5,NULL),(371,208,'book_cycle_id_208','presentation',NULL,NULL,NULL,NULL,'2017-05-23 00:00:00',4,1,NULL),(372,208,'book_cycle_id_208','presentation',NULL,NULL,NULL,NULL,'2017-05-23 00:00:00',4,2,NULL),(373,208,'book_cycle_id_208','presentation',NULL,NULL,NULL,NULL,'2017-05-23 00:00:00',4,3,NULL),(374,208,'book_cycle_id_208','presentation',NULL,NULL,NULL,NULL,'2017-05-23 00:00:00',4,4,NULL),(375,208,'book_cycle_id_208','presentation',NULL,NULL,NULL,NULL,'2017-05-23 00:00:00',4,5,NULL),(376,209,'book_cycle_id_209','presentation',NULL,NULL,NULL,NULL,'2017-05-23 00:00:00',4,1,NULL),(377,209,'book_cycle_id_209','presentation',NULL,NULL,NULL,NULL,'2017-05-23 00:00:00',4,2,NULL),(378,209,'book_cycle_id_209','presentation',NULL,NULL,NULL,NULL,'2017-05-23 00:00:00',4,3,NULL),(379,209,'book_cycle_id_209','presentation',NULL,NULL,NULL,NULL,'2017-05-23 00:00:00',4,4,NULL),(380,209,'book_cycle_id_209','presentation',NULL,NULL,NULL,NULL,'2017-05-23 00:00:00',4,5,NULL),(381,210,'book_cycle_id_210','presentation',NULL,NULL,NULL,NULL,'2017-05-23 00:00:00',4,1,NULL),(382,210,'book_cycle_id_210','presentation',NULL,NULL,NULL,NULL,'2017-05-23 00:00:00',4,2,NULL),(383,210,'book_cycle_id_210','presentation',NULL,NULL,NULL,NULL,'2017-05-23 00:00:00',4,3,NULL),(384,210,'book_cycle_id_210','presentation',NULL,NULL,NULL,NULL,'2017-05-23 00:00:00',4,4,NULL),(385,210,'book_cycle_id_210','presentation',NULL,NULL,NULL,NULL,'2017-05-23 00:00:00',4,5,NULL),(386,211,'book_cycle_id_211','presentation',NULL,NULL,NULL,NULL,'2017-05-23 00:00:00',4,1,NULL),(387,211,'book_cycle_id_211','presentation',NULL,NULL,NULL,NULL,'2017-05-23 00:00:00',4,2,NULL),(388,211,'book_cycle_id_211','presentation',NULL,NULL,NULL,NULL,'2017-05-23 00:00:00',4,3,NULL),(389,211,'book_cycle_id_211','presentation',NULL,NULL,NULL,NULL,'2017-05-23 00:00:00',4,4,NULL),(390,211,'book_cycle_id_211','presentation',NULL,NULL,NULL,NULL,'2017-05-23 00:00:00',4,5,NULL),(391,212,'book_cycle_id_212','presentation',NULL,NULL,NULL,NULL,'2017-05-23 00:00:00',4,1,NULL),(392,212,'book_cycle_id_212','presentation',NULL,NULL,NULL,NULL,'2017-05-23 00:00:00',4,2,NULL),(393,212,'book_cycle_id_212','presentation',NULL,NULL,NULL,NULL,'2017-05-23 00:00:00',4,3,NULL),(394,212,'book_cycle_id_212','presentation',NULL,NULL,NULL,NULL,'2017-05-23 00:00:00',4,4,NULL),(395,212,'book_cycle_id_212','presentation',NULL,NULL,NULL,NULL,'2017-05-23 00:00:00',4,5,NULL),(396,213,'book_cycle_id_213','presentation',NULL,NULL,NULL,NULL,'2017-05-23 00:00:00',4,1,NULL),(397,213,'book_cycle_id_213','presentation',NULL,NULL,NULL,NULL,'2017-05-23 00:00:00',4,2,NULL),(398,213,'book_cycle_id_213','presentation',NULL,NULL,NULL,NULL,'2017-05-23 00:00:00',4,3,NULL),(399,213,'book_cycle_id_213','presentation',NULL,NULL,NULL,NULL,'2017-05-23 00:00:00',4,4,NULL),(400,213,'book_cycle_id_213','presentation',NULL,NULL,NULL,NULL,'2017-05-23 00:00:00',4,5,NULL),(401,214,'book_cycle_id_214','presentation',NULL,NULL,NULL,NULL,'2017-05-23 00:00:00',4,1,NULL),(402,214,'book_cycle_id_214','presentation',NULL,NULL,NULL,NULL,'2017-05-23 00:00:00',4,2,NULL),(403,214,'book_cycle_id_214','presentation',NULL,NULL,NULL,NULL,'2017-05-23 00:00:00',4,3,NULL),(404,214,'book_cycle_id_214','presentation',NULL,NULL,NULL,NULL,'2017-05-23 00:00:00',4,4,NULL),(405,214,'book_cycle_id_214','presentation',NULL,NULL,NULL,NULL,'2017-05-23 00:00:00',4,5,NULL),(406,215,'book_cycle_id_215','presentation',NULL,NULL,NULL,NULL,'2017-05-23 00:00:00',4,1,NULL),(407,215,'book_cycle_id_215','presentation',NULL,NULL,NULL,NULL,'2017-05-23 00:00:00',4,2,NULL),(408,215,'book_cycle_id_215','presentation',NULL,NULL,NULL,NULL,'2017-05-23 00:00:00',4,3,NULL),(409,215,'book_cycle_id_215','presentation',NULL,NULL,NULL,NULL,'2017-05-23 00:00:00',4,4,NULL),(410,215,'book_cycle_id_215','presentation',NULL,NULL,NULL,NULL,'2017-05-23 00:00:00',4,5,NULL),(411,216,'book_cycle_id_216','presentation',NULL,NULL,NULL,NULL,'2017-05-23 00:00:00',4,1,NULL),(412,216,'book_cycle_id_216','presentation',NULL,NULL,NULL,NULL,'2017-05-23 00:00:00',4,2,NULL),(413,216,'book_cycle_id_216','presentation',NULL,NULL,NULL,NULL,'2017-05-23 00:00:00',4,3,NULL),(414,216,'book_cycle_id_216','presentation',NULL,NULL,NULL,NULL,'2017-05-23 00:00:00',4,4,NULL),(415,216,'book_cycle_id_216','presentation',NULL,NULL,NULL,NULL,'2017-05-23 00:00:00',4,5,NULL),(416,217,'book_cycle_id_217','presentation',NULL,NULL,NULL,NULL,'2017-05-23 00:00:00',4,1,NULL),(417,217,'book_cycle_id_217','presentation',NULL,NULL,NULL,NULL,'2017-05-23 00:00:00',4,2,NULL),(418,217,'book_cycle_id_217','presentation',NULL,NULL,NULL,NULL,'2017-05-23 00:00:00',4,3,NULL),(419,217,'book_cycle_id_217','presentation',NULL,NULL,NULL,NULL,'2017-05-23 00:00:00',4,4,NULL),(420,217,'book_cycle_id_217','presentation',NULL,NULL,NULL,NULL,'2017-05-23 00:00:00',4,5,NULL),(421,218,'book_cycle_id_218','presentation',NULL,NULL,NULL,NULL,'2017-05-23 00:00:00',4,1,NULL),(422,218,'book_cycle_id_218','presentation',NULL,NULL,NULL,NULL,'2017-05-23 00:00:00',4,2,NULL),(423,218,'book_cycle_id_218','presentation',NULL,NULL,NULL,NULL,'2017-05-23 00:00:00',4,3,NULL),(424,218,'book_cycle_id_218','presentation',NULL,NULL,NULL,NULL,'2017-05-23 00:00:00',4,4,NULL),(425,218,'book_cycle_id_218','presentation',NULL,NULL,NULL,NULL,'2017-05-23 00:00:00',4,5,NULL),(426,219,'book_cycle_id_219','presentation',NULL,NULL,NULL,NULL,'2017-05-23 00:00:00',4,1,NULL),(427,219,'book_cycle_id_219','presentation',NULL,NULL,NULL,NULL,'2017-05-23 00:00:00',4,2,NULL),(428,219,'book_cycle_id_219','presentation',NULL,NULL,NULL,NULL,'2017-05-23 00:00:00',4,3,NULL),(429,219,'book_cycle_id_219','presentation',NULL,NULL,NULL,NULL,'2017-05-23 00:00:00',4,4,NULL),(430,219,'book_cycle_id_219','presentation',NULL,NULL,NULL,NULL,'2017-05-23 00:00:00',4,5,NULL),(431,220,'book_cycle_id_220','presentation',NULL,NULL,NULL,NULL,'2017-05-23 00:00:00',4,1,NULL),(432,220,'book_cycle_id_220','presentation',NULL,NULL,NULL,NULL,'2017-05-23 00:00:00',4,2,NULL),(433,220,'book_cycle_id_220','presentation',NULL,NULL,NULL,NULL,'2017-05-23 00:00:00',4,3,NULL),(434,220,'book_cycle_id_220','presentation',NULL,NULL,NULL,NULL,'2017-05-23 00:00:00',4,4,NULL),(435,220,'book_cycle_id_220','presentation',NULL,NULL,NULL,NULL,'2017-05-23 00:00:00',4,5,NULL),(436,221,'book_cycle_id_221','presentation',NULL,NULL,NULL,NULL,'2017-05-23 00:00:00',4,1,NULL),(437,221,'book_cycle_id_221','presentation',NULL,NULL,NULL,NULL,'2017-05-23 00:00:00',4,2,NULL),(438,221,'book_cycle_id_221','presentation',NULL,NULL,NULL,NULL,'2017-05-23 00:00:00',4,3,NULL),(439,221,'book_cycle_id_221','presentation',NULL,NULL,NULL,NULL,'2017-05-23 00:00:00',4,4,NULL),(440,221,'book_cycle_id_221','presentation',NULL,NULL,NULL,NULL,'2017-05-23 00:00:00',4,5,NULL),(441,222,'book_cycle_id_222','presentation',NULL,NULL,NULL,NULL,'2017-05-23 00:00:00',4,1,NULL),(442,222,'book_cycle_id_222','presentation',NULL,NULL,NULL,NULL,'2017-05-23 00:00:00',4,2,NULL),(443,222,'book_cycle_id_222','presentation',NULL,NULL,NULL,NULL,'2017-05-23 00:00:00',4,3,NULL),(444,222,'book_cycle_id_222','presentation',NULL,NULL,NULL,NULL,'2017-05-23 00:00:00',4,4,NULL),(445,222,'book_cycle_id_222','presentation',NULL,NULL,NULL,NULL,'2017-05-23 00:00:00',4,5,NULL),(446,223,'book_cycle_id_223','presentation',NULL,NULL,NULL,NULL,'2017-05-23 00:00:00',4,1,NULL),(447,223,'book_cycle_id_223','presentation',NULL,NULL,NULL,NULL,'2017-05-23 00:00:00',4,2,NULL),(448,223,'book_cycle_id_223','presentation',NULL,NULL,NULL,NULL,'2017-05-23 00:00:00',4,3,NULL),(449,223,'book_cycle_id_223','presentation',NULL,NULL,NULL,NULL,'2017-05-23 00:00:00',4,4,NULL),(450,223,'book_cycle_id_223','presentation',NULL,NULL,NULL,NULL,'2017-05-23 00:00:00',4,5,NULL),(451,224,'book_cycle_id_224','presentation',NULL,NULL,NULL,NULL,'2017-05-23 00:00:00',4,1,NULL),(452,224,'book_cycle_id_224','presentation',NULL,NULL,NULL,NULL,'2017-05-23 00:00:00',4,2,NULL),(453,224,'book_cycle_id_224','presentation',NULL,NULL,NULL,NULL,'2017-05-23 00:00:00',4,3,NULL),(454,224,'book_cycle_id_224','presentation',NULL,NULL,NULL,NULL,'2017-05-23 00:00:00',4,4,NULL),(455,224,'book_cycle_id_224','presentation',NULL,NULL,NULL,NULL,'2017-05-23 00:00:00',4,5,NULL),(456,225,'book_cycle_id_225','presentation',NULL,NULL,NULL,NULL,'2017-05-23 00:00:00',4,1,NULL),(457,225,'book_cycle_id_225','presentation',NULL,NULL,NULL,NULL,'2017-05-23 00:00:00',4,2,NULL),(458,225,'book_cycle_id_225','presentation',NULL,NULL,NULL,NULL,'2017-05-23 00:00:00',4,3,NULL),(459,225,'book_cycle_id_225','presentation',NULL,NULL,NULL,NULL,'2017-05-23 00:00:00',4,4,NULL),(460,225,'book_cycle_id_225','presentation',NULL,NULL,NULL,NULL,'2017-05-23 00:00:00',4,5,NULL),(461,226,'book_cycle_id_226','presentation',NULL,NULL,NULL,NULL,'2017-05-23 00:00:00',4,1,NULL),(462,226,'book_cycle_id_226','presentation',NULL,NULL,NULL,NULL,'2017-05-23 00:00:00',4,2,NULL),(463,226,'book_cycle_id_226','presentation',NULL,NULL,NULL,NULL,'2017-05-23 00:00:00',4,3,NULL),(464,226,'book_cycle_id_226','presentation',NULL,NULL,NULL,NULL,'2017-05-23 00:00:00',4,4,NULL),(465,226,'book_cycle_id_226','presentation',NULL,NULL,NULL,NULL,'2017-05-23 00:00:00',4,5,NULL),(466,227,'book_cycle_id_227','presentation',NULL,NULL,NULL,NULL,'2017-05-23 00:00:00',4,1,NULL),(467,227,'book_cycle_id_227','presentation',NULL,NULL,NULL,NULL,'2017-05-23 00:00:00',4,2,NULL),(468,227,'book_cycle_id_227','presentation',NULL,NULL,NULL,NULL,'2017-05-23 00:00:00',4,3,NULL),(469,227,'book_cycle_id_227','presentation',NULL,NULL,NULL,NULL,'2017-05-23 00:00:00',4,4,NULL),(470,227,'book_cycle_id_227','presentation',NULL,NULL,NULL,NULL,'2017-05-23 00:00:00',4,5,NULL),(471,228,'book_cycle_id_228','presentation',NULL,NULL,NULL,NULL,'2017-05-23 00:00:00',4,1,NULL),(472,228,'book_cycle_id_228','presentation',NULL,NULL,NULL,NULL,'2017-05-23 00:00:00',4,2,NULL),(473,228,'book_cycle_id_228','presentation',NULL,NULL,NULL,NULL,'2017-05-23 00:00:00',4,3,NULL),(474,228,'book_cycle_id_228','presentation',NULL,NULL,NULL,NULL,'2017-05-23 00:00:00',4,4,NULL),(475,228,'book_cycle_id_228','presentation',NULL,NULL,NULL,NULL,'2017-05-23 00:00:00',4,5,NULL),(476,229,'book_cycle_id_229','presentation',NULL,NULL,NULL,NULL,'2017-05-23 00:00:00',4,1,NULL),(477,229,'book_cycle_id_229','presentation',NULL,NULL,NULL,NULL,'2017-05-23 00:00:00',4,2,NULL),(478,229,'book_cycle_id_229','presentation',NULL,NULL,NULL,NULL,'2017-05-23 00:00:00',4,3,NULL),(479,229,'book_cycle_id_229','presentation',NULL,NULL,NULL,NULL,'2017-05-23 00:00:00',4,4,NULL),(480,229,'book_cycle_id_229','presentation',NULL,NULL,NULL,NULL,'2017-05-23 00:00:00',4,5,NULL),(481,230,'book_cycle_id_230','presentation',NULL,NULL,NULL,NULL,'2017-05-23 00:00:00',4,1,NULL),(482,230,'book_cycle_id_230','presentation',NULL,NULL,NULL,NULL,'2017-05-23 00:00:00',4,2,NULL),(483,230,'book_cycle_id_230','presentation',NULL,NULL,NULL,NULL,'2017-05-23 00:00:00',4,3,NULL),(484,230,'book_cycle_id_230','presentation',NULL,NULL,NULL,NULL,'2017-05-23 00:00:00',4,4,NULL),(485,230,'book_cycle_id_230','presentation',NULL,NULL,NULL,NULL,'2017-05-23 00:00:00',4,5,NULL),(486,231,'book_cycle_id_231','presentation',NULL,NULL,NULL,NULL,'2017-05-23 00:00:00',4,1,NULL),(487,231,'book_cycle_id_231','presentation',NULL,NULL,NULL,NULL,'2017-05-23 00:00:00',4,2,NULL),(488,231,'book_cycle_id_231','presentation',NULL,NULL,NULL,NULL,'2017-05-23 00:00:00',4,3,NULL),(489,231,'book_cycle_id_231','presentation',NULL,NULL,NULL,NULL,'2017-05-23 00:00:00',4,4,NULL),(490,231,'book_cycle_id_231','presentation',NULL,NULL,NULL,NULL,'2017-05-23 00:00:00',4,5,NULL),(491,232,'book_cycle_id_232','presentation',NULL,NULL,NULL,NULL,'2017-05-23 00:00:00',4,1,NULL),(492,232,'book_cycle_id_232','presentation',NULL,NULL,NULL,NULL,'2017-05-23 00:00:00',4,2,NULL),(493,232,'book_cycle_id_232','presentation',NULL,NULL,NULL,NULL,'2017-05-23 00:00:00',4,3,NULL),(494,232,'book_cycle_id_232','presentation',NULL,NULL,NULL,NULL,'2017-05-23 00:00:00',4,4,NULL),(495,232,'book_cycle_id_232','presentation',NULL,NULL,NULL,NULL,'2017-05-23 00:00:00',4,5,NULL),(496,233,'book_cycle_id_233','presentation',NULL,NULL,NULL,NULL,'2017-05-23 00:00:00',4,1,NULL),(497,233,'book_cycle_id_233','presentation',NULL,NULL,NULL,NULL,'2017-05-23 00:00:00',4,2,NULL),(498,233,'book_cycle_id_233','presentation',NULL,NULL,NULL,NULL,'2017-05-23 00:00:00',4,3,NULL),(499,233,'book_cycle_id_233','presentation',NULL,NULL,NULL,NULL,'2017-05-23 00:00:00',4,4,NULL),(500,233,'book_cycle_id_233','presentation',NULL,NULL,NULL,NULL,'2017-05-23 00:00:00',4,5,NULL),(501,234,'book_cycle_id_234','presentation',NULL,NULL,NULL,NULL,'2017-05-23 00:00:00',4,1,NULL),(502,234,'book_cycle_id_234','presentation',NULL,NULL,NULL,NULL,'2017-05-23 00:00:00',4,2,NULL),(503,234,'book_cycle_id_234','presentation',NULL,NULL,NULL,NULL,'2017-05-23 00:00:00',4,3,NULL),(504,234,'book_cycle_id_234','presentation',NULL,NULL,NULL,NULL,'2017-05-23 00:00:00',4,4,NULL),(505,234,'book_cycle_id_234','presentation',NULL,NULL,NULL,NULL,'2017-05-23 00:00:00',4,5,NULL),(506,235,'book_cycle_id_235','presentation',NULL,NULL,NULL,NULL,'2017-05-23 00:00:00',4,1,NULL),(507,235,'book_cycle_id_235','presentation',NULL,NULL,NULL,NULL,'2017-05-23 00:00:00',4,2,NULL),(508,235,'book_cycle_id_235','presentation',NULL,NULL,NULL,NULL,'2017-05-23 00:00:00',4,3,NULL),(509,235,'book_cycle_id_235','presentation',NULL,NULL,NULL,NULL,'2017-05-23 00:00:00',4,4,NULL),(510,235,'book_cycle_id_235','presentation',NULL,NULL,NULL,NULL,'2017-05-23 00:00:00',4,5,NULL),(511,236,'book_cycle_id_236','presentation',NULL,NULL,NULL,NULL,'2017-05-23 00:00:00',4,1,NULL),(512,236,'book_cycle_id_236','presentation',NULL,NULL,NULL,NULL,'2017-05-23 00:00:00',4,2,NULL),(513,236,'book_cycle_id_236','presentation',NULL,NULL,NULL,NULL,'2017-05-23 00:00:00',4,3,NULL),(514,236,'book_cycle_id_236','presentation',NULL,NULL,NULL,NULL,'2017-05-23 00:00:00',4,4,NULL),(515,236,'book_cycle_id_236','presentation',NULL,NULL,NULL,NULL,'2017-05-23 00:00:00',4,5,NULL),(516,237,'book_cycle_id_237','presentation',NULL,NULL,NULL,NULL,'2017-05-23 00:00:00',4,1,NULL),(517,237,'book_cycle_id_237','presentation',NULL,NULL,NULL,NULL,'2017-05-23 00:00:00',4,2,NULL),(518,237,'book_cycle_id_237','presentation',NULL,NULL,NULL,NULL,'2017-05-23 00:00:00',4,3,NULL),(519,237,'book_cycle_id_237','presentation',NULL,NULL,NULL,NULL,'2017-05-23 00:00:00',4,4,NULL),(520,237,'book_cycle_id_237','presentation',NULL,NULL,NULL,NULL,'2017-05-23 00:00:00',4,5,NULL),(521,238,'book_cycle_id_238','presentation',NULL,NULL,NULL,NULL,'2017-05-23 00:00:00',4,1,NULL),(522,238,'book_cycle_id_238','presentation',NULL,NULL,NULL,NULL,'2017-05-23 00:00:00',4,2,NULL),(523,238,'book_cycle_id_238','presentation',NULL,NULL,NULL,NULL,'2017-05-23 00:00:00',4,3,NULL),(524,238,'book_cycle_id_238','presentation',NULL,NULL,NULL,NULL,'2017-05-23 00:00:00',4,4,NULL),(525,238,'book_cycle_id_238','presentation',NULL,NULL,NULL,NULL,'2017-05-23 00:00:00',4,5,NULL),(526,239,'book_cycle_id_239','presentation',NULL,NULL,NULL,NULL,'2017-05-23 00:00:00',4,1,NULL),(527,239,'book_cycle_id_239','presentation',NULL,NULL,NULL,NULL,'2017-05-23 00:00:00',4,2,NULL),(528,239,'book_cycle_id_239','presentation',NULL,NULL,NULL,NULL,'2017-05-23 00:00:00',4,3,NULL),(529,239,'book_cycle_id_239','presentation',NULL,NULL,NULL,NULL,'2017-05-23 00:00:00',4,4,NULL),(530,239,'book_cycle_id_239','presentation',NULL,NULL,NULL,NULL,'2017-05-23 00:00:00',4,5,NULL),(531,240,'book_cycle_id_240','presentation',NULL,NULL,NULL,NULL,'2017-05-23 00:00:00',4,1,NULL),(532,240,'book_cycle_id_240','presentation',NULL,NULL,NULL,NULL,'2017-05-23 00:00:00',4,2,NULL),(533,240,'book_cycle_id_240','presentation',NULL,NULL,NULL,NULL,'2017-05-23 00:00:00',4,3,NULL),(534,240,'book_cycle_id_240','presentation',NULL,NULL,NULL,NULL,'2017-05-23 00:00:00',4,4,NULL),(535,240,'book_cycle_id_240','presentation',NULL,NULL,NULL,NULL,'2017-05-23 00:00:00',4,5,NULL),(536,241,'book_cycle_id_241','presentation',NULL,NULL,NULL,NULL,'2017-05-23 00:00:00',4,1,NULL),(537,241,'book_cycle_id_241','presentation',NULL,NULL,NULL,NULL,'2017-05-23 00:00:00',4,2,NULL),(538,241,'book_cycle_id_241','presentation',NULL,NULL,NULL,NULL,'2017-05-23 00:00:00',4,3,NULL),(539,241,'book_cycle_id_241','presentation',NULL,NULL,NULL,NULL,'2017-05-23 00:00:00',4,4,NULL),(540,241,'book_cycle_id_241','presentation',NULL,NULL,NULL,NULL,'2017-05-23 00:00:00',4,5,NULL),(541,242,'book_cycle_id_242','presentation',NULL,NULL,NULL,NULL,'2017-05-23 00:00:00',4,1,NULL),(542,242,'book_cycle_id_242','presentation',NULL,NULL,NULL,NULL,'2017-05-23 00:00:00',4,2,NULL),(543,242,'book_cycle_id_242','presentation',NULL,NULL,NULL,NULL,'2017-05-23 00:00:00',4,3,NULL),(544,242,'book_cycle_id_242','presentation',NULL,NULL,NULL,NULL,'2017-05-23 00:00:00',4,4,NULL),(545,242,'book_cycle_id_242','presentation',NULL,NULL,NULL,NULL,'2017-05-23 00:00:00',4,5,NULL),(546,243,'book_cycle_id_243','presentation',NULL,NULL,NULL,NULL,'2017-05-23 00:00:00',4,1,NULL),(547,243,'book_cycle_id_243','presentation',NULL,NULL,NULL,NULL,'2017-05-23 00:00:00',4,2,NULL),(548,243,'book_cycle_id_243','presentation',NULL,NULL,NULL,NULL,'2017-05-23 00:00:00',4,3,NULL),(549,243,'book_cycle_id_243','presentation',NULL,NULL,NULL,NULL,'2017-05-23 00:00:00',4,4,NULL),(550,243,'book_cycle_id_243','presentation',NULL,NULL,NULL,NULL,'2017-05-23 00:00:00',4,5,NULL),(551,244,'book_cycle_id_244','presentation',NULL,NULL,NULL,NULL,'2017-05-23 00:00:00',4,1,NULL),(552,244,'book_cycle_id_244','presentation',NULL,NULL,NULL,NULL,'2017-05-23 00:00:00',4,2,NULL),(553,244,'book_cycle_id_244','presentation',NULL,NULL,NULL,NULL,'2017-05-23 00:00:00',4,3,NULL),(554,244,'book_cycle_id_244','presentation',NULL,NULL,NULL,NULL,'2017-05-23 00:00:00',4,4,NULL),(555,244,'book_cycle_id_244','presentation',NULL,NULL,NULL,NULL,'2017-05-23 00:00:00',4,5,NULL),(556,245,'book_cycle_id_245','presentation',NULL,NULL,NULL,NULL,'2017-05-23 00:00:00',4,1,NULL),(557,245,'book_cycle_id_245','presentation',NULL,NULL,NULL,NULL,'2017-05-23 00:00:00',4,2,NULL),(558,245,'book_cycle_id_245','presentation',NULL,NULL,NULL,NULL,'2017-05-23 00:00:00',4,3,NULL),(559,245,'book_cycle_id_245','presentation',NULL,NULL,NULL,NULL,'2017-05-23 00:00:00',4,4,NULL),(560,245,'book_cycle_id_245','presentation',NULL,NULL,NULL,NULL,'2017-05-23 00:00:00',4,5,NULL),(561,246,'book_cycle_id_246','presentation',NULL,NULL,NULL,NULL,'2017-05-23 00:00:00',4,1,NULL),(562,246,'book_cycle_id_246','presentation',NULL,NULL,NULL,NULL,'2017-05-23 00:00:00',4,2,NULL),(563,246,'book_cycle_id_246','presentation',NULL,NULL,NULL,NULL,'2017-05-23 00:00:00',4,3,NULL),(564,246,'book_cycle_id_246','presentation',NULL,NULL,NULL,NULL,'2017-05-23 00:00:00',4,4,NULL),(565,246,'book_cycle_id_246','presentation',NULL,NULL,NULL,NULL,'2017-05-23 00:00:00',4,5,NULL),(566,247,'book_cycle_id_247','presentation',NULL,NULL,NULL,NULL,'2017-05-23 00:00:00',4,1,NULL),(567,247,'book_cycle_id_247','presentation',NULL,NULL,NULL,NULL,'2017-05-23 00:00:00',4,2,NULL),(568,247,'book_cycle_id_247','presentation',NULL,NULL,NULL,NULL,'2017-05-23 00:00:00',4,3,NULL),(569,247,'book_cycle_id_247','presentation',NULL,NULL,NULL,NULL,'2017-05-23 00:00:00',4,4,NULL),(570,247,'book_cycle_id_247','presentation',NULL,NULL,NULL,NULL,'2017-05-23 00:00:00',4,5,NULL),(571,248,'book_cycle_id_248','presentation',NULL,NULL,NULL,NULL,'2017-05-23 00:00:00',4,1,NULL),(572,248,'book_cycle_id_248','presentation',NULL,NULL,NULL,NULL,'2017-05-23 00:00:00',4,2,NULL),(573,248,'book_cycle_id_248','presentation',NULL,NULL,NULL,NULL,'2017-05-23 00:00:00',4,3,NULL),(574,248,'book_cycle_id_248','presentation',NULL,NULL,NULL,NULL,'2017-05-23 00:00:00',4,4,NULL),(575,248,'book_cycle_id_248','presentation',NULL,NULL,NULL,NULL,'2017-05-23 00:00:00',4,5,NULL),(576,249,'book_cycle_id_249','presentation',NULL,NULL,NULL,NULL,'2017-05-23 00:00:00',4,1,NULL),(577,249,'book_cycle_id_249','presentation',NULL,NULL,NULL,NULL,'2017-05-23 00:00:00',4,2,NULL),(578,249,'book_cycle_id_249','presentation',NULL,NULL,NULL,NULL,'2017-05-23 00:00:00',4,3,NULL),(579,249,'book_cycle_id_249','presentation',NULL,NULL,NULL,NULL,'2017-05-23 00:00:00',4,4,NULL),(580,249,'book_cycle_id_249','presentation',NULL,NULL,NULL,NULL,'2017-05-23 00:00:00',4,5,NULL),(581,250,'book_cycle_id_250','presentation',NULL,NULL,NULL,NULL,'2017-05-23 00:00:00',4,1,NULL),(582,250,'book_cycle_id_250','presentation',NULL,NULL,NULL,NULL,'2017-05-23 00:00:00',4,2,NULL),(583,250,'book_cycle_id_250','presentation',NULL,NULL,NULL,NULL,'2017-05-23 00:00:00',4,3,NULL),(584,250,'book_cycle_id_250','presentation',NULL,NULL,NULL,NULL,'2017-05-23 00:00:00',4,4,NULL),(585,250,'book_cycle_id_250','presentation',NULL,NULL,NULL,NULL,'2017-05-23 00:00:00',4,5,NULL),(586,251,'book_cycle_id_251','presentation',NULL,NULL,NULL,NULL,'2017-05-23 00:00:00',4,1,NULL),(587,251,'book_cycle_id_251','presentation',NULL,NULL,NULL,NULL,'2017-05-23 00:00:00',4,2,NULL),(588,251,'book_cycle_id_251','presentation',NULL,NULL,NULL,NULL,'2017-05-23 00:00:00',4,3,NULL),(589,251,'book_cycle_id_251','presentation',NULL,NULL,NULL,NULL,'2017-05-23 00:00:00',4,4,NULL),(590,251,'book_cycle_id_251','presentation',NULL,NULL,NULL,NULL,'2017-05-23 00:00:00',4,5,NULL),(591,252,'book_cycle_id_252','presentation',NULL,NULL,NULL,NULL,'2017-05-23 00:00:00',4,1,NULL),(592,252,'book_cycle_id_252','presentation',NULL,NULL,NULL,NULL,'2017-05-23 00:00:00',4,2,NULL),(593,252,'book_cycle_id_252','presentation',NULL,NULL,NULL,NULL,'2017-05-23 00:00:00',4,3,NULL),(594,252,'book_cycle_id_252','presentation',NULL,NULL,NULL,NULL,'2017-05-23 00:00:00',4,4,NULL),(595,252,'book_cycle_id_252','presentation',NULL,NULL,NULL,NULL,'2017-05-23 00:00:00',4,5,NULL),(596,253,'book_cycle_id_253','presentation',NULL,NULL,NULL,NULL,'2017-05-23 00:00:00',4,1,NULL),(597,253,'book_cycle_id_253','presentation',NULL,NULL,NULL,NULL,'2017-05-23 00:00:00',4,2,NULL),(598,253,'book_cycle_id_253','presentation',NULL,NULL,NULL,NULL,'2017-05-23 00:00:00',4,3,NULL),(599,253,'book_cycle_id_253','presentation',NULL,NULL,NULL,NULL,'2017-05-23 00:00:00',4,4,NULL),(600,253,'book_cycle_id_253','presentation',NULL,NULL,NULL,NULL,'2017-05-23 00:00:00',4,5,NULL),(601,254,'book_cycle_id_254','presentation',NULL,NULL,NULL,NULL,'2017-05-23 00:00:00',4,1,NULL),(602,254,'book_cycle_id_254','presentation',NULL,NULL,NULL,NULL,'2017-05-23 00:00:00',4,2,NULL),(603,254,'book_cycle_id_254','presentation',NULL,NULL,NULL,NULL,'2017-05-23 00:00:00',4,3,NULL),(604,254,'book_cycle_id_254','presentation',NULL,NULL,NULL,NULL,'2017-05-23 00:00:00',4,4,NULL),(605,254,'book_cycle_id_254','presentation',NULL,NULL,NULL,NULL,'2017-05-23 00:00:00',4,5,NULL),(606,255,'book_cycle_id_255','presentation',NULL,NULL,NULL,NULL,'2017-05-23 00:00:00',4,1,NULL),(607,255,'book_cycle_id_255','presentation',NULL,NULL,NULL,NULL,'2017-05-23 00:00:00',4,2,NULL),(608,255,'book_cycle_id_255','presentation',NULL,NULL,NULL,NULL,'2017-05-23 00:00:00',4,3,NULL),(609,255,'book_cycle_id_255','presentation',NULL,NULL,NULL,NULL,'2017-05-23 00:00:00',4,4,NULL),(610,255,'book_cycle_id_255','presentation',NULL,NULL,NULL,NULL,'2017-05-23 00:00:00',4,5,NULL),(611,256,'book_cycle_id_256','presentation',NULL,NULL,NULL,NULL,'2017-05-23 00:00:00',4,1,NULL),(612,256,'book_cycle_id_256','presentation',NULL,NULL,NULL,NULL,'2017-05-23 00:00:00',4,2,NULL),(613,256,'book_cycle_id_256','presentation',NULL,NULL,NULL,NULL,'2017-05-23 00:00:00',4,3,NULL),(614,256,'book_cycle_id_256','presentation',NULL,NULL,NULL,NULL,'2017-05-23 00:00:00',4,4,NULL),(615,256,'book_cycle_id_256','presentation',NULL,NULL,NULL,NULL,'2017-05-23 00:00:00',4,5,NULL),(616,257,'book_cycle_id_257','presentation',NULL,NULL,NULL,NULL,'2017-05-23 00:00:00',4,1,NULL),(617,257,'book_cycle_id_257','presentation',NULL,NULL,NULL,NULL,'2017-05-23 00:00:00',4,2,NULL),(618,257,'book_cycle_id_257','presentation',NULL,NULL,NULL,NULL,'2017-05-23 00:00:00',4,3,NULL),(619,257,'book_cycle_id_257','presentation',NULL,NULL,NULL,NULL,'2017-05-23 00:00:00',4,4,NULL),(620,257,'book_cycle_id_257','presentation',NULL,NULL,NULL,NULL,'2017-05-23 00:00:00',4,5,NULL),(621,258,'book_cycle_id_258','presentation',NULL,NULL,NULL,NULL,'2017-05-23 00:00:00',4,1,NULL),(622,258,'book_cycle_id_258','presentation',NULL,NULL,NULL,NULL,'2017-05-23 00:00:00',4,2,NULL),(623,258,'book_cycle_id_258','presentation',NULL,NULL,NULL,NULL,'2017-05-23 00:00:00',4,3,NULL),(624,258,'book_cycle_id_258','presentation',NULL,NULL,NULL,NULL,'2017-05-23 00:00:00',4,4,NULL),(625,258,'book_cycle_id_258','presentation',NULL,NULL,NULL,NULL,'2017-05-23 00:00:00',4,5,NULL),(626,259,'book_cycle_id_259','presentation',NULL,NULL,NULL,NULL,'2017-05-23 00:00:00',4,1,NULL),(627,259,'book_cycle_id_259','presentation',NULL,NULL,NULL,NULL,'2017-05-23 00:00:00',4,2,NULL),(628,259,'book_cycle_id_259','presentation',NULL,NULL,NULL,NULL,'2017-05-23 00:00:00',4,3,NULL),(629,259,'book_cycle_id_259','presentation',NULL,NULL,NULL,NULL,'2017-05-23 00:00:00',4,4,NULL),(630,259,'book_cycle_id_259','presentation',NULL,NULL,NULL,NULL,'2017-05-23 00:00:00',4,5,NULL),(631,260,'book_cycle_id_260','presentation',NULL,NULL,NULL,NULL,'2017-05-23 00:00:00',4,1,NULL),(632,260,'book_cycle_id_260','presentation',NULL,NULL,NULL,NULL,'2017-05-23 00:00:00',4,2,NULL),(633,260,'book_cycle_id_260','presentation',NULL,NULL,NULL,NULL,'2017-05-23 00:00:00',4,3,NULL),(634,260,'book_cycle_id_260','presentation',NULL,NULL,NULL,NULL,'2017-05-23 00:00:00',4,4,NULL),(635,260,'book_cycle_id_260','presentation',NULL,NULL,NULL,NULL,'2017-05-23 00:00:00',4,5,NULL),(636,261,'book_cycle_id_261','presentation',NULL,NULL,NULL,NULL,'2017-05-23 00:00:00',4,1,NULL),(637,261,'book_cycle_id_261','presentation',NULL,NULL,NULL,NULL,'2017-05-23 00:00:00',4,2,NULL),(638,261,'book_cycle_id_261','presentation',NULL,NULL,NULL,NULL,'2017-05-23 00:00:00',4,3,NULL),(639,261,'book_cycle_id_261','presentation',NULL,NULL,NULL,NULL,'2017-05-23 00:00:00',4,4,NULL),(640,261,'book_cycle_id_261','presentation',NULL,NULL,NULL,NULL,'2017-05-23 00:00:00',4,5,NULL),(641,262,'book_cycle_id_262','presentation',NULL,NULL,NULL,NULL,'2017-05-23 00:00:00',4,1,NULL),(642,262,'book_cycle_id_262','presentation',NULL,NULL,NULL,NULL,'2017-05-23 00:00:00',4,2,NULL),(643,262,'book_cycle_id_262','presentation',NULL,NULL,NULL,NULL,'2017-05-23 00:00:00',4,3,NULL),(644,262,'book_cycle_id_262','presentation',NULL,NULL,NULL,NULL,'2017-05-23 00:00:00',4,4,NULL),(645,262,'book_cycle_id_262','presentation',NULL,NULL,NULL,NULL,'2017-05-23 00:00:00',4,5,NULL),(646,263,'book_cycle_id_263','presentation',NULL,NULL,NULL,NULL,'2017-05-23 00:00:00',4,1,NULL),(647,263,'book_cycle_id_263','presentation',NULL,NULL,NULL,NULL,'2017-05-23 00:00:00',4,2,NULL),(648,263,'book_cycle_id_263','presentation',NULL,NULL,NULL,NULL,'2017-05-23 00:00:00',4,3,NULL),(649,263,'book_cycle_id_263','presentation',NULL,NULL,NULL,NULL,'2017-05-23 00:00:00',4,4,NULL),(650,263,'book_cycle_id_263','presentation',NULL,NULL,NULL,NULL,'2017-05-23 00:00:00',4,5,NULL),(651,3,'book_cycle_id_3','presentation',NULL,NULL,NULL,NULL,'2017-05-23 00:00:00',4,1,NULL),(652,4,'book_cycle_id_4','presentation',NULL,NULL,NULL,NULL,'2017-05-23 00:00:00',4,1,NULL),(653,5,'book_cycle_id_5','presentation',NULL,NULL,NULL,NULL,'2017-05-23 00:00:00',4,1,NULL),(654,6,'book_cycle_id_6','presentation',NULL,NULL,NULL,NULL,'2017-05-23 00:00:00',4,1,NULL),(655,7,'book_cycle_id_7','presentation',NULL,NULL,NULL,NULL,'2017-05-23 00:00:00',4,1,NULL),(656,8,'book_cycle_id_8','presentation',NULL,NULL,NULL,NULL,'2017-05-23 00:00:00',4,1,NULL),(657,9,'book_cycle_id_9','presentation',NULL,NULL,NULL,NULL,'2017-05-23 00:00:00',4,1,NULL),(658,10,'book_cycle_id_10','presentation',NULL,NULL,NULL,NULL,'2017-05-23 00:00:00',4,1,NULL),(659,11,'book_cycle_id_11','presentation',NULL,NULL,NULL,NULL,'2017-05-23 00:00:00',4,1,NULL),(660,12,'book_cycle_id_12','presentation',NULL,NULL,NULL,NULL,'2017-05-23 00:00:00',4,1,NULL),(661,13,'book_cycle_id_13','presentation',NULL,NULL,NULL,NULL,'2017-05-23 00:00:00',4,1,NULL),(662,14,'book_cycle_id_14','presentation',NULL,NULL,NULL,NULL,'2017-05-23 00:00:00',4,1,NULL),(663,15,'book_cycle_id_15','presentation',NULL,NULL,NULL,NULL,'2017-05-23 00:00:00',4,1,NULL),(664,16,'book_cycle_id_16','presentation',NULL,NULL,NULL,NULL,'2017-05-23 00:00:00',4,1,NULL),(665,17,'book_cycle_id_17','presentation',NULL,NULL,NULL,NULL,'2017-05-23 00:00:00',4,1,NULL),(666,18,'book_cycle_id_18','presentation',NULL,NULL,NULL,NULL,'2017-05-23 00:00:00',4,1,NULL),(667,19,'book_cycle_id_19','presentation',NULL,NULL,NULL,NULL,'2017-05-23 00:00:00',4,1,NULL),(668,20,'book_cycle_id_20','presentation',NULL,NULL,NULL,NULL,'2017-05-23 00:00:00',4,1,NULL),(669,21,'book_cycle_id_21','presentation',NULL,NULL,NULL,NULL,'2017-05-23 00:00:00',4,1,NULL),(670,22,'book_cycle_id_22','presentation',NULL,NULL,NULL,NULL,'2017-05-23 00:00:00',4,1,NULL),(671,23,'book_cycle_id_23','presentation',NULL,NULL,NULL,NULL,'2017-05-23 00:00:00',4,1,NULL),(672,24,'book_cycle_id_24','presentation',NULL,NULL,NULL,NULL,'2017-05-23 00:00:00',4,1,NULL),(673,25,'book_cycle_id_25','presentation',NULL,NULL,NULL,NULL,'2017-05-23 00:00:00',4,1,NULL),(674,26,'book_cycle_id_26','presentation',NULL,NULL,NULL,NULL,'2017-05-23 00:00:00',4,1,NULL),(675,27,'book_cycle_id_27','presentation',NULL,NULL,NULL,NULL,'2017-05-23 00:00:00',4,1,NULL),(676,28,'book_cycle_id_28','presentation',NULL,NULL,NULL,NULL,'2017-05-23 00:00:00',4,1,NULL),(677,29,'book_cycle_id_29','presentation',NULL,NULL,NULL,NULL,'2017-05-23 00:00:00',4,1,NULL),(678,30,'book_cycle_id_30','presentation',NULL,NULL,NULL,NULL,'2017-05-23 00:00:00',4,1,NULL),(679,31,'book_cycle_id_31','presentation',NULL,NULL,NULL,NULL,'2017-05-23 00:00:00',4,1,NULL),(680,32,'book_cycle_id_32','presentation',NULL,NULL,NULL,NULL,'2017-05-23 00:00:00',4,1,NULL),(681,33,'book_cycle_id_33','presentation',NULL,NULL,NULL,NULL,'2017-05-23 00:00:00',4,1,NULL),(682,34,'book_cycle_id_34','presentation',NULL,NULL,NULL,NULL,'2017-05-23 00:00:00',4,1,NULL),(683,35,'book_cycle_id_35','presentation',NULL,NULL,NULL,NULL,'2017-05-23 00:00:00',4,1,NULL),(684,36,'book_cycle_id_36','presentation',NULL,NULL,NULL,NULL,'2017-05-23 00:00:00',4,1,NULL),(685,37,'book_cycle_id_37','presentation',NULL,NULL,NULL,NULL,'2017-05-23 00:00:00',4,1,NULL),(686,38,'book_cycle_id_38','presentation',NULL,NULL,NULL,NULL,'2017-05-23 00:00:00',4,1,NULL),(687,39,'book_cycle_id_39','presentation',NULL,NULL,NULL,NULL,'2017-05-23 00:00:00',4,1,NULL),(688,40,'book_cycle_id_40','presentation',NULL,NULL,NULL,NULL,'2017-05-23 00:00:00',4,1,NULL),(689,41,'book_cycle_id_41','presentation',NULL,NULL,NULL,NULL,'2017-05-23 00:00:00',4,1,NULL),(690,42,'book_cycle_id_42','presentation',NULL,NULL,NULL,NULL,'2017-05-23 00:00:00',4,1,NULL),(691,43,'book_cycle_id_43','presentation',NULL,NULL,NULL,NULL,'2017-05-23 00:00:00',4,1,NULL),(692,44,'book_cycle_id_44','presentation',NULL,NULL,NULL,NULL,'2017-05-23 00:00:00',4,1,NULL),(693,45,'book_cycle_id_45','presentation',NULL,NULL,NULL,NULL,'2017-05-23 00:00:00',4,1,NULL),(694,46,'book_cycle_id_46','presentation',NULL,NULL,NULL,NULL,'2017-05-23 00:00:00',4,1,NULL),(695,47,'book_cycle_id_47','presentation',NULL,NULL,NULL,NULL,'2017-05-23 00:00:00',4,1,NULL),(696,48,'book_cycle_id_48','presentation',NULL,NULL,NULL,NULL,'2017-05-23 00:00:00',4,1,NULL),(697,49,'book_cycle_id_49','presentation',NULL,NULL,NULL,NULL,'2017-05-23 00:00:00',4,1,NULL),(698,50,'book_cycle_id_50','presentation',NULL,NULL,NULL,NULL,'2017-05-23 00:00:00',4,1,NULL),(699,51,'book_cycle_id_51','presentation',NULL,NULL,NULL,NULL,'2017-05-23 00:00:00',4,1,NULL),(700,52,'book_cycle_id_52','presentation',NULL,NULL,NULL,NULL,'2017-05-23 00:00:00',4,1,NULL),(701,53,'book_cycle_id_53','presentation',NULL,NULL,NULL,NULL,'2017-05-23 00:00:00',4,1,NULL),(702,54,'book_cycle_id_54','presentation',NULL,NULL,NULL,NULL,'2017-05-23 00:00:00',4,1,NULL),(703,55,'book_cycle_id_55','presentation',NULL,NULL,NULL,NULL,'2017-05-23 00:00:00',4,1,NULL),(704,56,'book_cycle_id_56','presentation',NULL,NULL,NULL,NULL,'2017-05-23 00:00:00',4,1,NULL),(705,57,'book_cycle_id_57','presentation',NULL,NULL,NULL,NULL,'2017-05-23 00:00:00',4,1,NULL),(706,58,'book_cycle_id_58','presentation',NULL,NULL,NULL,NULL,'2017-05-23 00:00:00',4,1,NULL),(707,59,'book_cycle_id_59','presentation',NULL,NULL,NULL,NULL,'2017-05-23 00:00:00',4,1,NULL),(708,60,'book_cycle_id_60','presentation',NULL,NULL,NULL,NULL,'2017-05-23 00:00:00',4,1,NULL),(709,61,'book_cycle_id_61','presentation',NULL,NULL,NULL,NULL,'2017-05-23 00:00:00',4,1,NULL),(710,62,'book_cycle_id_62','presentation',NULL,NULL,NULL,NULL,'2017-05-23 00:00:00',4,1,NULL),(711,63,'book_cycle_id_63','presentation',NULL,NULL,NULL,NULL,'2017-05-23 00:00:00',4,1,NULL),(712,64,'book_cycle_id_64','presentation',NULL,NULL,NULL,NULL,'2017-05-23 00:00:00',4,1,NULL),(713,65,'book_cycle_id_65','presentation',NULL,NULL,NULL,NULL,'2017-05-23 00:00:00',4,1,NULL),(714,66,'book_cycle_id_66','presentation',NULL,NULL,NULL,NULL,'2017-05-23 00:00:00',4,1,NULL),(715,67,'book_cycle_id_67','presentation',NULL,NULL,NULL,NULL,'2017-05-23 00:00:00',4,1,NULL),(716,68,'book_cycle_id_68','presentation',NULL,NULL,NULL,NULL,'2017-05-23 00:00:00',4,1,NULL),(717,69,'book_cycle_id_69','presentation',NULL,NULL,NULL,NULL,'2017-05-23 00:00:00',4,1,NULL),(718,70,'book_cycle_id_70','presentation',NULL,NULL,NULL,NULL,'2017-05-23 00:00:00',4,1,NULL),(719,71,'book_cycle_id_71','presentation',NULL,NULL,NULL,NULL,'2017-05-23 00:00:00',4,1,NULL),(720,72,'book_cycle_id_72','presentation',NULL,NULL,NULL,NULL,'2017-05-23 00:00:00',4,1,NULL),(721,73,'book_cycle_id_73','presentation',NULL,NULL,NULL,NULL,'2017-05-23 00:00:00',4,1,NULL),(722,74,'book_cycle_id_74','presentation',NULL,NULL,NULL,NULL,'2017-05-23 00:00:00',4,1,NULL),(723,75,'book_cycle_id_75','presentation',NULL,NULL,NULL,NULL,'2017-05-23 00:00:00',4,1,NULL),(724,76,'book_cycle_id_76','presentation',NULL,NULL,NULL,NULL,'2017-05-23 00:00:00',4,1,NULL),(725,77,'book_cycle_id_77','presentation',NULL,NULL,NULL,NULL,'2017-05-23 00:00:00',4,1,NULL),(726,78,'book_cycle_id_78','presentation',NULL,NULL,NULL,NULL,'2017-05-23 00:00:00',4,1,NULL),(727,79,'book_cycle_id_79','presentation',NULL,NULL,NULL,NULL,'2017-05-23 00:00:00',4,1,NULL),(728,80,'book_cycle_id_80','presentation',NULL,NULL,NULL,NULL,'2017-05-23 00:00:00',4,1,NULL),(729,81,'book_cycle_id_81','presentation',NULL,NULL,NULL,NULL,'2017-05-23 00:00:00',4,1,NULL),(730,82,'book_cycle_id_82','presentation',NULL,NULL,NULL,NULL,'2017-05-23 00:00:00',4,1,NULL),(731,83,'book_cycle_id_83','presentation',NULL,NULL,NULL,NULL,'2017-05-23 00:00:00',4,1,NULL),(732,84,'book_cycle_id_84','presentation',NULL,NULL,NULL,NULL,'2017-05-23 00:00:00',4,1,NULL),(733,85,'book_cycle_id_85','presentation',NULL,NULL,NULL,NULL,'2017-05-23 00:00:00',4,1,NULL),(734,86,'book_cycle_id_86','presentation',NULL,NULL,NULL,NULL,'2017-05-23 00:00:00',4,1,NULL),(735,87,'book_cycle_id_87','presentation',NULL,NULL,NULL,NULL,'2017-05-23 00:00:00',4,1,NULL),(736,88,'book_cycle_id_88','presentation',NULL,NULL,NULL,NULL,'2017-05-23 00:00:00',4,1,NULL),(737,89,'book_cycle_id_89','presentation',NULL,NULL,NULL,NULL,'2017-05-23 00:00:00',4,1,NULL),(738,90,'book_cycle_id_90','presentation',NULL,NULL,NULL,NULL,'2017-05-23 00:00:00',4,1,NULL),(739,91,'book_cycle_id_91','presentation',NULL,NULL,NULL,NULL,'2017-05-23 00:00:00',4,1,NULL),(740,92,'book_cycle_id_92','presentation',NULL,NULL,NULL,NULL,'2017-05-23 00:00:00',4,1,NULL),(741,93,'book_cycle_id_93','presentation',NULL,NULL,NULL,NULL,'2017-05-23 00:00:00',4,1,NULL),(742,94,'book_cycle_id_94','presentation',NULL,NULL,NULL,NULL,'2017-05-23 00:00:00',4,1,NULL),(743,95,'book_cycle_id_95','presentation',NULL,NULL,NULL,NULL,'2017-05-23 00:00:00',4,1,NULL),(744,96,'book_cycle_id_96','presentation',NULL,NULL,NULL,NULL,'2017-05-23 00:00:00',4,1,NULL),(745,97,'book_cycle_id_97','presentation',NULL,NULL,NULL,NULL,'2017-05-23 00:00:00',4,1,NULL),(746,98,'book_cycle_id_98','presentation',NULL,NULL,NULL,NULL,'2017-05-23 00:00:00',4,1,NULL),(747,99,'book_cycle_id_99','presentation',NULL,NULL,NULL,NULL,'2017-05-23 00:00:00',4,1,NULL),(748,100,'book_cycle_id_100','presentation',NULL,NULL,NULL,NULL,'2017-05-23 00:00:00',4,1,NULL),(749,101,'book_cycle_id_101','presentation',NULL,NULL,NULL,NULL,'2017-05-23 00:00:00',4,1,NULL),(750,102,'book_cycle_id_102','presentation',NULL,NULL,NULL,NULL,'2017-05-23 00:00:00',4,1,NULL),(751,103,'book_cycle_id_103','presentation',NULL,NULL,NULL,NULL,'2017-05-23 00:00:00',4,1,NULL),(752,104,'book_cycle_id_104','presentation',NULL,NULL,NULL,NULL,'2017-05-23 00:00:00',4,1,NULL),(753,105,'book_cycle_id_105','presentation',NULL,NULL,NULL,NULL,'2017-05-23 00:00:00',4,1,NULL),(754,106,'book_cycle_id_106','presentation',NULL,NULL,NULL,NULL,'2017-05-23 00:00:00',4,1,NULL),(755,107,'book_cycle_id_107','presentation',NULL,NULL,NULL,NULL,'2017-05-23 00:00:00',4,1,NULL),(756,108,'book_cycle_id_108','presentation',NULL,NULL,NULL,NULL,'2017-05-23 00:00:00',4,1,NULL),(757,109,'book_cycle_id_109','presentation',NULL,NULL,NULL,NULL,'2017-05-23 00:00:00',4,1,NULL),(758,110,'book_cycle_id_110','presentation',NULL,NULL,NULL,NULL,'2017-05-23 00:00:00',4,1,NULL),(759,111,'book_cycle_id_111','presentation',NULL,NULL,NULL,NULL,'2017-05-23 00:00:00',4,1,NULL),(760,112,'book_cycle_id_112','presentation',NULL,NULL,NULL,NULL,'2017-05-23 00:00:00',4,1,NULL),(761,113,'book_cycle_id_113','presentation',NULL,NULL,NULL,NULL,'2017-05-23 00:00:00',4,1,NULL),(762,114,'book_cycle_id_114','presentation',NULL,NULL,NULL,NULL,'2017-05-23 00:00:00',4,1,NULL),(763,115,'book_cycle_id_115','presentation',NULL,NULL,NULL,NULL,'2017-05-23 00:00:00',4,1,NULL),(764,116,'book_cycle_id_116','presentation',NULL,NULL,NULL,NULL,'2017-05-23 00:00:00',4,1,NULL),(765,117,'book_cycle_id_117','presentation',NULL,NULL,NULL,NULL,'2017-05-23 00:00:00',4,1,NULL),(766,118,'book_cycle_id_118','presentation',NULL,NULL,NULL,NULL,'2017-05-23 00:00:00',4,1,NULL),(767,119,'book_cycle_id_119','presentation',NULL,NULL,NULL,NULL,'2017-05-23 00:00:00',4,1,NULL),(768,120,'book_cycle_id_120','presentation',NULL,NULL,NULL,NULL,'2017-05-23 00:00:00',4,1,NULL),(769,121,'book_cycle_id_121','presentation',NULL,NULL,NULL,NULL,'2017-05-23 00:00:00',4,1,NULL),(770,122,'book_cycle_id_122','presentation',NULL,NULL,NULL,NULL,'2017-05-23 00:00:00',4,1,NULL),(771,123,'book_cycle_id_123','presentation',NULL,NULL,NULL,NULL,'2017-05-23 00:00:00',4,1,NULL),(772,124,'book_cycle_id_124','presentation',NULL,NULL,NULL,NULL,'2017-05-23 00:00:00',4,1,NULL),(773,125,'book_cycle_id_125','presentation',NULL,NULL,NULL,NULL,'2017-05-23 00:00:00',4,1,NULL),(774,126,'book_cycle_id_126','presentation',NULL,NULL,NULL,NULL,'2017-05-23 00:00:00',4,1,NULL),(775,127,'book_cycle_id_127','presentation',NULL,NULL,NULL,NULL,'2017-05-23 00:00:00',4,1,NULL),(776,128,'book_cycle_id_128','presentation',NULL,NULL,NULL,NULL,'2017-05-23 00:00:00',4,1,NULL),(777,129,'book_cycle_id_129','presentation',NULL,NULL,NULL,NULL,'2017-05-23 00:00:00',4,1,NULL),(778,130,'book_cycle_id_130','presentation',NULL,NULL,NULL,NULL,'2017-05-23 00:00:00',4,1,NULL),(779,131,'book_cycle_id_131','presentation',NULL,NULL,NULL,NULL,'2017-05-23 00:00:00',4,1,NULL),(780,132,'book_cycle_id_132','presentation',NULL,NULL,NULL,NULL,'2017-05-23 00:00:00',4,1,NULL),(781,133,'book_cycle_id_133','presentation',NULL,NULL,NULL,NULL,'2017-05-23 00:00:00',4,1,NULL),(782,266,'Livre pour Brut 2',NULL,NULL,'L\'Atlante',NULL,NULL,'2017-10-13 12:55:06',4,1,NULL),(783,267,'Livre Brut 2 Image',NULL,NULL,NULL,NULL,NULL,'2017-10-16 12:31:56',4,1,1),(784,268,'Image load',NULL,NULL,NULL,NULL,NULL,'2017-10-16 13:18:02',4,1,1),(785,269,'Test',NULL,NULL,NULL,'Rock and Roll',NULL,'2017-10-16 13:20:21',4,1,1),(786,405,'Test Moers Ursule',NULL,NULL,NULL,NULL,NULL,'2017-10-27 12:48:53',4,1,NULL),(787,271,'Tome 1 de la srie',NULL,NULL,NULL,NULL,NULL,'2017-11-20 13:14:15',4,1,NULL),(788,271,'Grosse erreur',NULL,NULL,NULL,NULL,NULL,'2017-11-20 13:15:11',4,2,NULL),(789,271,'Test Moers Ursule',NULL,NULL,NULL,NULL,NULL,'2017-11-20 13:15:57',4,3,NULL),(790,135,'Le feu du ciel',NULL,NULL,'Bizarre',NULL,NULL,'2017-11-20 13:16:49',4,1,NULL),(791,407,'livre test 1',NULL,NULL,NULL,NULL,NULL,'2017-11-21 12:47:58',4,1,NULL),(792,407,'livre test 2',NULL,NULL,NULL,NULL,NULL,'2017-11-21 12:48:46',4,2,NULL),(793,408,'livre test 1 sans cycle',NULL,NULL,NULL,NULL,NULL,'2017-11-21 12:49:42',4,1,NULL),(794,407,'livre test 3',NULL,NULL,NULL,NULL,NULL,'2017-11-22 12:47:05',4,3,NULL),(795,407,'livre test 4',NULL,NULL,NULL,'Surprise',NULL,'2017-11-22 12:55:37',4,4,NULL);
/*!40000 ALTER TABLE `book` ENABLE KEYS */;
UNLOCK TABLES;

--
-- Table structure for table `cycle`
--

DROP TABLE IF EXISTS `cycle`;
/*!40101 SET @saved_cs_client     = @@character_set_client */;
/*!40101 SET character_set_client = utf8 */;
CREATE TABLE `cycle` (
  `id` int(11) NOT NULL AUTO_INCREMENT,
  `title` varchar(500) COLLATE utf8_unicode_ci NOT NULL,
  `yncycle` tinyint(1) DEFAULT NULL,
  `nbrvolume` smallint(6) DEFAULT NULL,
  `comment` varchar(500) COLLATE utf8_unicode_ci DEFAULT NULL,
  `createdate` datetime NOT NULL,
  `type_id` int(11) DEFAULT NULL,
  PRIMARY KEY (`id`),
  KEY `IDX_B086D193C54C8C93` (`type_id`),
  CONSTRAINT `FK_B086D193C54C8C93` FOREIGN KEY (`type_id`) REFERENCES `system` (`id`)
) ENGINE=InnoDB AUTO_INCREMENT=409 DEFAULT CHARSET=utf8 COLLATE=utf8_unicode_ci;
/*!40101 SET character_set_client = @saved_cs_client */;

--
-- Dumping data for table `cycle`
--

LOCK TABLES `cycle` WRITE;
/*!40000 ALTER TABLE `cycle` DISABLE KEYS */;
INSERT INTO `cycle` VALUES (3,'cycle_auth_id_1',0,1,NULL,'2017-05-30 00:00:00',2),(4,'cycle_auth_id_3',0,1,NULL,'2017-05-30 00:00:00',2),(5,'cycle_auth_id_5',0,1,NULL,'2017-05-30 00:00:00',2),(6,'cycle_auth_id_7',0,1,NULL,'2017-05-30 00:00:00',2),(7,'cycle_auth_id_9',0,1,NULL,'2017-05-30 00:00:00',2),(8,'cycle_auth_id_11',0,1,NULL,'2017-05-30 00:00:00',2),(9,'cycle_auth_id_13',0,1,NULL,'2017-05-30 00:00:00',2),(10,'cycle_auth_id_15',0,1,NULL,'2017-05-30 00:00:00',2),(11,'cycle_auth_id_17',0,1,NULL,'2017-05-30 00:00:00',2),(12,'cycle_auth_id_19',0,1,NULL,'2017-05-30 00:00:00',2),(13,'cycle_auth_id_21',0,1,NULL,'2017-05-30 00:00:00',2),(14,'cycle_auth_id_23',0,1,NULL,'2017-05-30 00:00:00',2),(15,'cycle_auth_id_25',0,1,NULL,'2017-05-30 00:00:00',2),(16,'cycle_auth_id_27',0,1,NULL,'2017-05-30 00:00:00',2),(17,'cycle_auth_id_29',0,1,NULL,'2017-05-30 00:00:00',2),(18,'cycle_auth_id_31',0,1,NULL,'2017-05-30 00:00:00',2),(19,'cycle_auth_id_33',0,1,NULL,'2017-05-30 00:00:00',2),(20,'cycle_auth_id_35',0,1,NULL,'2017-05-30 00:00:00',2),(21,'cycle_auth_id_37',0,1,NULL,'2017-05-30 00:00:00',2),(22,'cycle_auth_id_39',0,1,NULL,'2017-05-30 00:00:00',2),(23,'cycle_auth_id_41',0,1,NULL,'2017-05-30 00:00:00',2),(24,'cycle_auth_id_43',0,1,NULL,'2017-05-30 00:00:00',2),(25,'cycle_auth_id_45',0,1,NULL,'2017-05-30 00:00:00',2),(26,'cycle_auth_id_47',0,1,NULL,'2017-05-30 00:00:00',2),(27,'cycle_auth_id_49',0,1,NULL,'2017-05-30 00:00:00',2),(28,'cycle_auth_id_51',0,1,NULL,'2017-05-30 00:00:00',2),(29,'cycle_auth_id_53',0,1,NULL,'2017-05-30 00:00:00',2),(30,'cycle_auth_id_55',0,1,NULL,'2017-05-30 00:00:00',2),(31,'cycle_auth_id_57',0,1,NULL,'2017-05-30 00:00:00',2),(32,'cycle_auth_id_59',0,1,NULL,'2017-05-30 00:00:00',2),(33,'cycle_auth_id_61',0,1,NULL,'2017-05-30 00:00:00',2),(34,'cycle_auth_id_63',0,1,NULL,'2017-05-30 00:00:00',2),(35,'cycle_auth_id_65',0,1,NULL,'2017-05-30 00:00:00',2),(36,'cycle_auth_id_67',0,1,NULL,'2017-05-30 00:00:00',2),(37,'cycle_auth_id_69',0,1,NULL,'2017-05-30 00:00:00',2),(38,'cycle_auth_id_71',0,1,NULL,'2017-05-30 00:00:00',2),(39,'cycle_auth_id_73',0,1,NULL,'2017-05-30 00:00:00',2),(40,'cycle_auth_id_75',0,1,NULL,'2017-05-30 00:00:00',2),(41,'cycle_auth_id_77',0,1,NULL,'2017-05-30 00:00:00',2),(42,'cycle_auth_id_79',0,1,NULL,'2017-05-30 00:00:00',2),(43,'cycle_auth_id_81',0,1,NULL,'2017-05-30 00:00:00',2),(44,'cycle_auth_id_83',0,1,NULL,'2017-05-30 00:00:00',2),(45,'cycle_auth_id_85',0,1,NULL,'2017-05-30 00:00:00',2),(46,'cycle_auth_id_87',0,1,NULL,'2017-05-30 00:00:00',2),(47,'cycle_auth_id_89',0,1,NULL,'2017-05-30 00:00:00',2),(48,'cycle_auth_id_91',0,1,NULL,'2017-05-30 00:00:00',2),(49,'cycle_auth_id_93',0,1,NULL,'2017-05-30 00:00:00',2),(50,'cycle_auth_id_95',0,1,NULL,'2017-05-30 00:00:00',2),(51,'cycle_auth_id_97',0,1,NULL,'2017-05-30 00:00:00',2),(52,'cycle_auth_id_99',0,1,NULL,'2017-05-30 00:00:00',2),(53,'cycle_auth_id_101',0,1,NULL,'2017-05-30 00:00:00',2),(54,'cycle_auth_id_103',0,1,NULL,'2017-05-30 00:00:00',2),(55,'cycle_auth_id_105',0,1,NULL,'2017-05-30 00:00:00',2),(56,'cycle_auth_id_107',0,1,NULL,'2017-05-30 00:00:00',2),(57,'cycle_auth_id_109',0,1,NULL,'2017-05-30 00:00:00',2),(58,'cycle_auth_id_111',0,1,NULL,'2017-05-30 00:00:00',2),(59,'cycle_auth_id_113',0,1,NULL,'2017-05-30 00:00:00',2),(60,'cycle_auth_id_115',0,1,NULL,'2017-05-30 00:00:00',2),(61,'cycle_auth_id_117',0,1,NULL,'2017-05-30 00:00:00',2),(62,'cycle_auth_id_119',0,1,NULL,'2017-05-30 00:00:00',2),(63,'cycle_auth_id_121',0,1,NULL,'2017-05-30 00:00:00',2),(64,'cycle_auth_id_123',0,1,NULL,'2017-05-30 00:00:00',2),(65,'cycle_auth_id_125',0,1,NULL,'2017-05-30 00:00:00',2),(66,'cycle_auth_id_127',0,1,NULL,'2017-05-30 00:00:00',2),(67,'cycle_auth_id_129',0,1,NULL,'2017-05-30 00:00:00',2),(68,'cycle_auth_id_131',0,1,NULL,'2017-05-30 00:00:00',2),(69,'cycle_auth_id_133',0,1,NULL,'2017-05-30 00:00:00',2),(70,'cycle_auth_id_135',0,1,NULL,'2017-05-30 00:00:00',2),(71,'cycle_auth_id_137',0,1,NULL,'2017-05-30 00:00:00',2),(72,'cycle_auth_id_139',0,1,NULL,'2017-05-30 00:00:00',2),(73,'cycle_auth_id_141',0,1,NULL,'2017-05-30 00:00:00',2),(74,'cycle_auth_id_143',0,1,NULL,'2017-05-30 00:00:00',2),(75,'cycle_auth_id_145',0,1,NULL,'2017-05-30 00:00:00',2),(76,'cycle_auth_id_147',0,1,NULL,'2017-05-30 00:00:00',2),(77,'cycle_auth_id_149',0,1,NULL,'2017-05-30 00:00:00',2),(78,'cycle_auth_id_151',0,1,NULL,'2017-05-30 00:00:00',2),(79,'cycle_auth_id_153',0,1,NULL,'2017-05-30 00:00:00',2),(80,'cycle_auth_id_155',0,1,NULL,'2017-05-30 00:00:00',2),(81,'cycle_auth_id_157',0,1,NULL,'2017-05-30 00:00:00',2),(82,'cycle_auth_id_159',0,1,NULL,'2017-05-30 00:00:00',2),(83,'cycle_auth_id_161',0,1,NULL,'2017-05-30 00:00:00',2),(84,'cycle_auth_id_163',0,1,NULL,'2017-05-30 00:00:00',2),(85,'cycle_auth_id_165',0,1,NULL,'2017-05-30 00:00:00',2),(86,'cycle_auth_id_167',0,1,NULL,'2017-05-30 00:00:00',2),(87,'cycle_auth_id_169',0,1,NULL,'2017-05-30 00:00:00',2),(88,'cycle_auth_id_171',0,1,NULL,'2017-05-30 00:00:00',2),(89,'cycle_auth_id_173',0,1,NULL,'2017-05-30 00:00:00',2),(90,'cycle_auth_id_175',0,1,NULL,'2017-05-30 00:00:00',2),(91,'cycle_auth_id_177',0,1,NULL,'2017-05-30 00:00:00',2),(92,'cycle_auth_id_179',0,1,NULL,'2017-05-30 00:00:00',2),(93,'cycle_auth_id_181',0,1,NULL,'2017-05-30 00:00:00',2),(94,'cycle_auth_id_183',0,1,NULL,'2017-05-30 00:00:00',2),(95,'cycle_auth_id_185',0,1,NULL,'2017-05-30 00:00:00',2),(96,'cycle_auth_id_187',0,1,NULL,'2017-05-30 00:00:00',2),(97,'cycle_auth_id_189',0,1,NULL,'2017-05-30 00:00:00',2),(98,'cycle_auth_id_191',0,1,NULL,'2017-05-30 00:00:00',2),(99,'cycle_auth_id_193',0,1,NULL,'2017-05-30 00:00:00',2),(100,'cycle_auth_id_195',0,1,NULL,'2017-05-30 00:00:00',2),(101,'cycle_auth_id_197',0,1,NULL,'2017-05-30 00:00:00',2),(102,'cycle_auth_id_199',0,1,NULL,'2017-05-30 00:00:00',2),(103,'cycle_auth_id_201',0,1,NULL,'2017-05-30 00:00:00',2),(104,'cycle_auth_id_203',0,1,NULL,'2017-05-30 00:00:00',2),(105,'cycle_auth_id_205',0,1,NULL,'2017-05-30 00:00:00',2),(106,'cycle_auth_id_207',0,1,NULL,'2017-05-30 00:00:00',2),(107,'cycle_auth_id_209',0,1,NULL,'2017-05-30 00:00:00',2),(108,'cycle_auth_id_211',0,1,NULL,'2017-05-30 00:00:00',2),(109,'cycle_auth_id_213',0,1,NULL,'2017-05-30 00:00:00',2),(110,'cycle_auth_id_215',0,1,NULL,'2017-05-30 00:00:00',2),(111,'cycle_auth_id_217',0,1,NULL,'2017-05-30 00:00:00',2),(112,'cycle_auth_id_219',0,1,NULL,'2017-05-30 00:00:00',2),(113,'cycle_auth_id_221',0,1,NULL,'2017-05-30 00:00:00',2),(114,'cycle_auth_id_223',0,1,NULL,'2017-05-30 00:00:00',2),(115,'cycle_auth_id_225',0,1,NULL,'2017-05-30 00:00:00',2),(116,'cycle_auth_id_227',0,1,NULL,'2017-05-30 00:00:00',2),(117,'cycle_auth_id_229',0,1,NULL,'2017-05-30 00:00:00',2),(118,'cycle_auth_id_231',0,1,NULL,'2017-05-30 00:00:00',2),(119,'cycle_auth_id_233',0,1,NULL,'2017-05-30 00:00:00',2),(120,'cycle_auth_id_235',0,1,NULL,'2017-05-30 00:00:00',2),(121,'cycle_auth_id_237',0,1,NULL,'2017-05-30 00:00:00',2),(122,'cycle_auth_id_239',0,1,NULL,'2017-05-30 00:00:00',2),(123,'cycle_auth_id_241',0,1,NULL,'2017-05-30 00:00:00',2),(124,'cycle_auth_id_243',0,1,NULL,'2017-05-30 00:00:00',2),(125,'cycle_auth_id_245',0,1,NULL,'2017-05-30 00:00:00',2),(126,'cycle_auth_id_247',0,1,NULL,'2017-05-30 00:00:00',2),(127,'cycle_auth_id_249',0,1,NULL,'2017-05-30 00:00:00',2),(128,'cycle_auth_id_251',0,1,NULL,'2017-05-30 00:00:00',2),(129,'cycle_auth_id_253',0,1,NULL,'2017-05-30 00:00:00',2),(130,'cycle_auth_id_255',0,1,NULL,'2017-05-30 00:00:00',2),(131,'cycle_auth_id_257',0,1,NULL,'2017-05-30 00:00:00',2),(132,'cycle_auth_id_259',0,1,NULL,'2017-05-30 00:00:00',2),(133,'cycle_auth_id_261',0,1,NULL,'2017-05-30 00:00:00',2),(134,'cycle_auth_id_2',1,1,'test filtre','2017-05-30 00:00:00',2),(135,'book_cycle_id_135',1,1,'esd<sdcvfgb','2017-05-30 00:00:00',2),(136,'cycle_auth_id_6',1,1,NULL,'2017-05-30 00:00:00',2),(137,'cycle_auth_id_8',1,1,NULL,'2017-05-30 00:00:00',2),(138,'cycle_auth_id_10',1,1,NULL,'2017-05-30 00:00:00',2),(139,'cycle_auth_id_12',1,1,NULL,'2017-05-30 00:00:00',2),(140,'cycle_auth_id_14',1,1,NULL,'2017-05-30 00:00:00',2),(141,'cycle_auth_id_16',1,1,NULL,'2017-05-30 00:00:00',2),(142,'cycle_auth_id_18',1,1,NULL,'2017-05-30 00:00:00',2),(143,'cycle_auth_id_20',1,1,NULL,'2017-05-30 00:00:00',2),(144,'cycle_auth_id_22',1,1,NULL,'2017-05-30 00:00:00',2),(145,'cycle_auth_id_24',1,1,NULL,'2017-05-30 00:00:00',2),(146,'cycle_auth_id_26',1,1,NULL,'2017-05-30 00:00:00',2),(147,'cycle_auth_id_28',1,1,NULL,'2017-05-30 00:00:00',2),(148,'cycle_auth_id_30',1,1,NULL,'2017-05-30 00:00:00',2),(149,'cycle_auth_id_32',1,1,NULL,'2017-05-30 00:00:00',2),(150,'cycle_auth_id_34',1,1,NULL,'2017-05-30 00:00:00',2),(151,'cycle_auth_id_36',1,1,NULL,'2017-05-30 00:00:00',2),(152,'cycle_auth_id_38',1,1,NULL,'2017-05-30 00:00:00',2),(153,'cycle_auth_id_40',1,1,NULL,'2017-05-30 00:00:00',2),(154,'cycle_auth_id_42',1,1,NULL,'2017-05-30 00:00:00',2),(155,'cycle_auth_id_44',1,1,NULL,'2017-05-30 00:00:00',2),(156,'cycle_auth_id_46',1,1,NULL,'2017-05-30 00:00:00',2),(157,'cycle_auth_id_48',1,1,NULL,'2017-05-30 00:00:00',2),(158,'cycle_auth_id_50',1,1,NULL,'2017-05-30 00:00:00',2),(159,'cycle_auth_id_52',1,1,NULL,'2017-05-30 00:00:00',2),(160,'cycle_auth_id_54',1,1,NULL,'2017-05-30 00:00:00',2),(161,'cycle_auth_id_56',1,1,NULL,'2017-05-30 00:00:00',2),(162,'cycle_auth_id_58',1,1,NULL,'2017-05-30 00:00:00',2),(163,'cycle_auth_id_60',1,1,NULL,'2017-05-30 00:00:00',2),(164,'cycle_auth_id_62',1,1,NULL,'2017-05-30 00:00:00',2),(165,'cycle_auth_id_64',1,1,NULL,'2017-05-30 00:00:00',2),(166,'cycle_auth_id_66',1,1,NULL,'2017-05-30 00:00:00',2),(167,'cycle_auth_id_68',1,1,NULL,'2017-05-30 00:00:00',2),(168,'cycle_auth_id_70',1,1,NULL,'2017-05-30 00:00:00',2),(169,'cycle_auth_id_72',1,1,NULL,'2017-05-30 00:00:00',2),(170,'cycle_auth_id_74',1,1,NULL,'2017-05-30 00:00:00',2),(171,'cycle_auth_id_76',1,1,NULL,'2017-05-30 00:00:00',2),(172,'cycle_auth_id_78',1,1,NULL,'2017-05-30 00:00:00',2),(173,'cycle_auth_id_80',1,1,NULL,'2017-05-30 00:00:00',2),(174,'cycle_auth_id_82',1,1,NULL,'2017-05-30 00:00:00',2),(175,'cycle_auth_id_84',1,1,NULL,'2017-05-30 00:00:00',2),(176,'cycle_auth_id_86',1,1,NULL,'2017-05-30 00:00:00',2),(177,'cycle_auth_id_88',1,1,NULL,'2017-05-30 00:00:00',2),(178,'cycle_auth_id_90',1,1,NULL,'2017-05-30 00:00:00',2),(179,'cycle_auth_id_92',1,1,NULL,'2017-05-30 00:00:00',2),(180,'cycle_auth_id_94',1,1,NULL,'2017-05-30 00:00:00',2),(181,'cycle_auth_id_96',1,1,NULL,'2017-05-30 00:00:00',2),(182,'cycle_auth_id_98',1,1,NULL,'2017-05-30 00:00:00',2),(183,'cycle_auth_id_100',1,1,NULL,'2017-05-30 00:00:00',2),(184,'cycle_auth_id_102',1,1,NULL,'2017-05-30 00:00:00',2),(185,'cycle_auth_id_104',1,1,NULL,'2017-05-30 00:00:00',2),(186,'cycle_auth_id_106',1,1,NULL,'2017-05-30 00:00:00',2),(187,'cycle_auth_id_108',1,1,NULL,'2017-05-30 00:00:00',2),(188,'cycle_auth_id_110',1,1,NULL,'2017-05-30 00:00:00',2),(189,'cycle_auth_id_112',1,1,NULL,'2017-05-30 00:00:00',2),(190,'cycle_auth_id_114',1,1,NULL,'2017-05-30 00:00:00',2),(191,'cycle_auth_id_116',1,1,NULL,'2017-05-30 00:00:00',2),(192,'cycle_auth_id_118',1,1,NULL,'2017-05-30 00:00:00',2),(193,'cycle_auth_id_120',1,1,NULL,'2017-05-30 00:00:00',2),(194,'cycle_auth_id_122',1,1,NULL,'2017-05-30 00:00:00',2),(195,'cycle_auth_id_124',1,1,NULL,'2017-05-30 00:00:00',2),(196,'cycle_auth_id_126',1,1,NULL,'2017-05-30 00:00:00',2),(197,'cycle_auth_id_128',1,1,NULL,'2017-05-30 00:00:00',2),(198,'cycle_auth_id_130',1,1,NULL,'2017-05-30 00:00:00',2),(199,'cycle_auth_id_132',1,1,NULL,'2017-05-30 00:00:00',2),(200,'cycle_auth_id_134',1,1,NULL,'2017-05-30 00:00:00',2),(201,'cycle_auth_id_136',1,1,NULL,'2017-05-30 00:00:00',2),(202,'cycle_auth_id_138',1,1,NULL,'2017-05-30 00:00:00',2),(203,'cycle_auth_id_140',1,1,NULL,'2017-05-30 00:00:00',2),(204,'cycle_auth_id_142',1,1,NULL,'2017-05-30 00:00:00',2),(205,'cycle_auth_id_144',1,1,NULL,'2017-05-30 00:00:00',2),(206,'cycle_auth_id_146',1,1,NULL,'2017-05-30 00:00:00',2),(207,'cycle_auth_id_148',1,1,NULL,'2017-05-30 00:00:00',2),(208,'cycle_auth_id_150',1,1,NULL,'2017-05-30 00:00:00',2),(209,'cycle_auth_id_152',1,1,NULL,'2017-05-30 00:00:00',2),(210,'cycle_auth_id_154',1,1,NULL,'2017-05-30 00:00:00',2),(211,'cycle_auth_id_156',1,1,NULL,'2017-05-30 00:00:00',2),(212,'cycle_auth_id_158',1,1,NULL,'2017-05-30 00:00:00',2),(213,'cycle_auth_id_160',1,1,NULL,'2017-05-30 00:00:00',2),(214,'cycle_auth_id_162',1,1,NULL,'2017-05-30 00:00:00',2),(215,'cycle_auth_id_164',1,1,NULL,'2017-05-30 00:00:00',2),(216,'cycle_auth_id_166',1,1,NULL,'2017-05-30 00:00:00',2),(217,'cycle_auth_id_168',1,1,NULL,'2017-05-30 00:00:00',2),(218,'cycle_auth_id_170',1,1,NULL,'2017-05-30 00:00:00',2),(219,'cycle_auth_id_172',1,1,NULL,'2017-05-30 00:00:00',2),(220,'cycle_auth_id_174',1,1,NULL,'2017-05-30 00:00:00',2),(221,'cycle_auth_id_176',1,1,NULL,'2017-05-30 00:00:00',2),(222,'cycle_auth_id_178',1,1,NULL,'2017-05-30 00:00:00',2),(223,'cycle_auth_id_180',1,1,NULL,'2017-05-30 00:00:00',2),(224,'cycle_auth_id_182',1,1,NULL,'2017-05-30 00:00:00',2),(225,'cycle_auth_id_184',1,1,NULL,'2017-05-30 00:00:00',2),(226,'cycle_auth_id_186',1,1,NULL,'2017-05-30 00:00:00',2),(227,'cycle_auth_id_188',1,1,NULL,'2017-05-30 00:00:00',2),(228,'cycle_auth_id_190',1,1,NULL,'2017-05-30 00:00:00',2),(229,'cycle_auth_id_192',1,1,NULL,'2017-05-30 00:00:00',2),(230,'cycle_auth_id_194',1,1,NULL,'2017-05-30 00:00:00',2),(231,'cycle_auth_id_196',1,1,NULL,'2017-05-30 00:00:00',2),(232,'cycle_auth_id_198',1,1,NULL,'2017-05-30 00:00:00',2),(233,'cycle_auth_id_200',1,1,NULL,'2017-05-30 00:00:00',2),(234,'cycle_auth_id_202',1,1,NULL,'2017-05-30 00:00:00',2),(235,'cycle_auth_id_204',1,1,NULL,'2017-05-30 00:00:00',2),(236,'cycle_auth_id_206',1,1,NULL,'2017-05-30 00:00:00',2),(237,'cycle_auth_id_208',1,1,NULL,'2017-05-30 00:00:00',2),(238,'cycle_auth_id_210',1,1,NULL,'2017-05-30 00:00:00',2),(239,'cycle_auth_id_212',1,1,NULL,'2017-05-30 00:00:00',2),(240,'cycle_auth_id_214',1,1,NULL,'2017-05-30 00:00:00',2),(241,'cycle_auth_id_216',1,1,NULL,'2017-05-30 00:00:00',2),(242,'cycle_auth_id_218',1,1,NULL,'2017-05-30 00:00:00',2),(243,'cycle_auth_id_220',1,1,NULL,'2017-05-30 00:00:00',2),(244,'cycle_auth_id_222',1,1,NULL,'2017-05-30 00:00:00',2),(245,'cycle_auth_id_224',1,1,NULL,'2017-05-30 00:00:00',2),(246,'cycle_auth_id_226',1,1,NULL,'2017-05-30 00:00:00',2),(247,'cycle_auth_id_228',1,1,NULL,'2017-05-30 00:00:00',2),(248,'cycle_auth_id_230',1,1,NULL,'2017-05-30 00:00:00',2),(249,'cycle_auth_id_232',1,1,NULL,'2017-05-30 00:00:00',2),(250,'cycle_auth_id_234',1,1,NULL,'2017-05-30 00:00:00',2),(251,'cycle_auth_id_236',1,1,NULL,'2017-05-30 00:00:00',2),(252,'cycle_auth_id_238',1,1,NULL,'2017-05-30 00:00:00',2),(253,'cycle_auth_id_240',1,1,NULL,'2017-05-30 00:00:00',2),(254,'cycle_auth_id_242',1,1,NULL,'2017-05-30 00:00:00',2),(255,'cycle_auth_id_244',1,1,NULL,'2017-05-30 00:00:00',2),(256,'cycle_auth_id_246',1,1,NULL,'2017-05-30 00:00:00',2),(257,'cycle_auth_id_248',1,1,NULL,'2017-05-30 00:00:00',2),(258,'cycle_auth_id_250',1,1,NULL,'2017-05-30 00:00:00',2),(259,'cycle_auth_id_252',1,1,NULL,'2017-05-30 00:00:00',2),(260,'cycle_auth_id_254',1,1,NULL,'2017-05-30 00:00:00',2),(261,'cycle_auth_id_256',1,1,NULL,'2017-05-30 00:00:00',2),(262,'cycle_auth_id_258',1,1,NULL,'2017-05-30 00:00:00',2),(263,'cycle_auth_id_260',1,1,NULL,'2017-05-30 00:00:00',2),(266,'Livre pour Brut 2',0,1,NULL,'2017-10-13 12:55:06',2),(267,'Livre Brut 2 Image',0,1,NULL,'2017-10-16 12:31:56',2),(268,'Image load',0,1,NULL,'2017-10-16 13:18:02',2),(269,'Test',0,1,NULL,'2017-10-16 13:20:21',2),(271,'Tome 1 de la srie',1,1,'Test','2017-05-30 00:00:00',2),(272,'cycle_auth_id_6',1,1,NULL,'2017-05-30 00:00:00',2),(273,'cycle_auth_id_8',1,1,NULL,'2017-05-30 00:00:00',2),(274,'cycle_auth_id_10',1,1,NULL,'2017-05-30 00:00:00',2),(275,'cycle_auth_id_12',1,1,NULL,'2017-05-30 00:00:00',2),(276,'cycle_auth_id_14',1,1,NULL,'2017-05-30 00:00:00',2),(277,'cycle_auth_id_16',1,1,NULL,'2017-05-30 00:00:00',2),(278,'cycle_auth_id_18',1,1,NULL,'2017-05-30 00:00:00',2),(279,'cycle_auth_id_20',1,1,NULL,'2017-05-30 00:00:00',2),(280,'cycle_auth_id_22',1,1,NULL,'2017-05-30 00:00:00',2),(281,'cycle_auth_id_24',1,1,NULL,'2017-05-30 00:00:00',2),(282,'cycle_auth_id_26',1,1,NULL,'2017-05-30 00:00:00',2),(283,'cycle_auth_id_28',1,1,NULL,'2017-05-30 00:00:00',2),(284,'cycle_auth_id_30',1,1,NULL,'2017-05-30 00:00:00',2),(285,'cycle_auth_id_32',1,1,NULL,'2017-05-30 00:00:00',2),(286,'cycle_auth_id_34',1,1,NULL,'2017-05-30 00:00:00',2),(287,'cycle_auth_id_36',1,1,NULL,'2017-05-30 00:00:00',2),(288,'cycle_auth_id_38',1,1,NULL,'2017-05-30 00:00:00',2),(289,'cycle_auth_id_40',1,1,NULL,'2017-05-30 00:00:00',2),(290,'cycle_auth_id_42',1,1,NULL,'2017-05-30 00:00:00',2),(291,'cycle_auth_id_44',1,1,NULL,'2017-05-30 00:00:00',2),(292,'cycle_auth_id_46',1,1,NULL,'2017-05-30 00:00:00',2),(293,'cycle_auth_id_48',1,1,NULL,'2017-05-30 00:00:00',2),(294,'cycle_auth_id_50',1,1,NULL,'2017-05-30 00:00:00',2),(295,'cycle_auth_id_52',1,1,NULL,'2017-05-30 00:00:00',2),(296,'cycle_auth_id_54',1,1,NULL,'2017-05-30 00:00:00',2),(297,'cycle_auth_id_56',1,1,NULL,'2017-05-30 00:00:00',2),(298,'cycle_auth_id_58',1,1,NULL,'2017-05-30 00:00:00',2),(299,'cycle_auth_id_60',1,1,NULL,'2017-05-30 00:00:00',2),(300,'cycle_auth_id_62',1,1,NULL,'2017-05-30 00:00:00',2),(301,'cycle_auth_id_64',1,1,NULL,'2017-05-30 00:00:00',2),(302,'cycle_auth_id_66',1,1,NULL,'2017-05-30 00:00:00',2),(303,'cycle_auth_id_68',1,1,NULL,'2017-05-30 00:00:00',2),(304,'cycle_auth_id_70',1,1,NULL,'2017-05-30 00:00:00',2),(305,'cycle_auth_id_72',1,1,NULL,'2017-05-30 00:00:00',2),(306,'cycle_auth_id_74',1,1,NULL,'2017-05-30 00:00:00',2),(307,'cycle_auth_id_76',1,1,NULL,'2017-05-30 00:00:00',2),(308,'cycle_auth_id_78',1,1,NULL,'2017-05-30 00:00:00',2),(309,'cycle_auth_id_80',1,1,NULL,'2017-05-30 00:00:00',2),(310,'cycle_auth_id_82',1,1,NULL,'2017-05-30 00:00:00',2),(311,'cycle_auth_id_84',1,1,NULL,'2017-05-30 00:00:00',2),(312,'cycle_auth_id_86',1,1,NULL,'2017-05-30 00:00:00',2),(313,'cycle_auth_id_88',1,1,NULL,'2017-05-30 00:00:00',2),(314,'cycle_auth_id_90',1,1,NULL,'2017-05-30 00:00:00',2),(315,'cycle_auth_id_92',1,1,NULL,'2017-05-30 00:00:00',2),(316,'cycle_auth_id_94',1,1,NULL,'2017-05-30 00:00:00',2),(317,'cycle_auth_id_96',1,1,NULL,'2017-05-30 00:00:00',2),(318,'cycle_auth_id_98',1,1,NULL,'2017-05-30 00:00:00',2),(319,'cycle_auth_id_100',1,1,NULL,'2017-05-30 00:00:00',2),(320,'cycle_auth_id_102',1,1,NULL,'2017-05-30 00:00:00',2),(321,'cycle_auth_id_104',1,1,NULL,'2017-05-30 00:00:00',2),(322,'cycle_auth_id_106',1,1,NULL,'2017-05-30 00:00:00',2),(323,'cycle_auth_id_108',1,1,NULL,'2017-05-30 00:00:00',2),(324,'cycle_auth_id_110',1,1,NULL,'2017-05-30 00:00:00',2),(325,'cycle_auth_id_112',1,1,NULL,'2017-05-30 00:00:00',2),(326,'cycle_auth_id_114',1,1,NULL,'2017-05-30 00:00:00',2),(327,'cycle_auth_id_116',1,1,NULL,'2017-05-30 00:00:00',2),(328,'cycle_auth_id_118',1,1,NULL,'2017-05-30 00:00:00',2),(329,'cycle_auth_id_120',1,1,NULL,'2017-05-30 00:00:00',2),(330,'cycle_auth_id_122',1,1,NULL,'2017-05-30 00:00:00',2),(331,'cycle_auth_id_124',1,1,NULL,'2017-05-30 00:00:00',2),(332,'cycle_auth_id_126',1,1,NULL,'2017-05-30 00:00:00',2),(333,'cycle_auth_id_128',1,1,NULL,'2017-05-30 00:00:00',2),(334,'cycle_auth_id_130',1,1,NULL,'2017-05-30 00:00:00',2),(335,'cycle_auth_id_132',1,1,NULL,'2017-05-30 00:00:00',2),(336,'cycle_auth_id_134',1,1,NULL,'2017-05-30 00:00:00',2),(337,'cycle_auth_id_136',1,1,NULL,'2017-05-30 00:00:00',2),(338,'cycle_auth_id_138',1,1,NULL,'2017-05-30 00:00:00',2),(339,'cycle_auth_id_140',1,1,NULL,'2017-05-30 00:00:00',2),(340,'cycle_auth_id_142',1,1,NULL,'2017-05-30 00:00:00',2),(341,'cycle_auth_id_144',1,1,NULL,'2017-05-30 00:00:00',2),(342,'cycle_auth_id_146',1,1,NULL,'2017-05-30 00:00:00',2),(343,'cycle_auth_id_148',1,1,NULL,'2017-05-30 00:00:00',2),(344,'cycle_auth_id_150',1,1,NULL,'2017-05-30 00:00:00',2),(345,'cycle_auth_id_152',1,1,NULL,'2017-05-30 00:00:00',2),(346,'cycle_auth_id_154',1,1,NULL,'2017-05-30 00:00:00',2),(347,'cycle_auth_id_156',1,1,NULL,'2017-05-30 00:00:00',2),(348,'cycle_auth_id_158',1,1,NULL,'2017-05-30 00:00:00',2),(349,'cycle_auth_id_160',1,1,NULL,'2017-05-30 00:00:00',2),(350,'cycle_auth_id_162',1,1,NULL,'2017-05-30 00:00:00',2),(351,'cycle_auth_id_164',1,1,NULL,'2017-05-30 00:00:00',2),(352,'cycle_auth_id_166',1,1,NULL,'2017-05-30 00:00:00',2),(353,'cycle_auth_id_168',1,1,NULL,'2017-05-30 00:00:00',2),(354,'cycle_auth_id_170',1,1,NULL,'2017-05-30 00:00:00',2),(355,'cycle_auth_id_172',1,1,NULL,'2017-05-30 00:00:00',2),(356,'cycle_auth_id_174',1,1,NULL,'2017-05-30 00:00:00',2),(357,'cycle_auth_id_176',1,1,NULL,'2017-05-30 00:00:00',2),(358,'cycle_auth_id_178',1,1,NULL,'2017-05-30 00:00:00',2),(359,'cycle_auth_id_180',1,1,NULL,'2017-05-30 00:00:00',2),(360,'cycle_auth_id_182',1,1,NULL,'2017-05-30 00:00:00',2),(361,'cycle_auth_id_184',1,1,NULL,'2017-05-30 00:00:00',2),(362,'cycle_auth_id_186',1,1,NULL,'2017-05-30 00:00:00',2),(363,'cycle_auth_id_188',1,1,NULL,'2017-05-30 00:00:00',2),(364,'cycle_auth_id_190',1,1,NULL,'2017-05-30 00:00:00',2),(365,'cycle_auth_id_192',1,1,NULL,'2017-05-30 00:00:00',2),(366,'cycle_auth_id_194',1,1,NULL,'2017-05-30 00:00:00',2),(367,'cycle_auth_id_196',1,1,NULL,'2017-05-30 00:00:00',2),(368,'cycle_auth_id_198',1,1,NULL,'2017-05-30 00:00:00',2),(369,'cycle_auth_id_200',1,1,NULL,'2017-05-30 00:00:00',2),(370,'cycle_auth_id_202',1,1,NULL,'2017-05-30 00:00:00',2),(371,'cycle_auth_id_204',1,1,NULL,'2017-05-30 00:00:00',2),(372,'cycle_auth_id_206',1,1,NULL,'2017-05-30 00:00:00',2),(373,'cycle_auth_id_208',1,1,NULL,'2017-05-30 00:00:00',2),(374,'cycle_auth_id_210',1,1,NULL,'2017-05-30 00:00:00',2),(375,'cycle_auth_id_212',1,1,NULL,'2017-05-30 00:00:00',2),(376,'cycle_auth_id_214',1,1,NULL,'2017-05-30 00:00:00',2),(377,'cycle_auth_id_216',1,1,NULL,'2017-05-30 00:00:00',2),(378,'cycle_auth_id_218',1,1,NULL,'2017-05-30 00:00:00',2),(379,'cycle_auth_id_220',1,1,NULL,'2017-05-30 00:00:00',2),(380,'cycle_auth_id_222',1,1,NULL,'2017-05-30 00:00:00',2),(381,'cycle_auth_id_224',1,1,NULL,'2017-05-30 00:00:00',2),(382,'cycle_auth_id_226',1,1,NULL,'2017-05-30 00:00:00',2),(383,'cycle_auth_id_228',1,1,NULL,'2017-05-30 00:00:00',2),(384,'cycle_auth_id_230',1,1,NULL,'2017-05-30 00:00:00',2),(385,'cycle_auth_id_232',1,1,NULL,'2017-05-30 00:00:00',2),(386,'cycle_auth_id_234',1,1,NULL,'2017-05-30 00:00:00',2),(387,'cycle_auth_id_236',1,1,NULL,'2017-05-30 00:00:00',2),(388,'cycle_auth_id_238',1,1,NULL,'2017-05-30 00:00:00',2),(389,'cycle_auth_id_240',1,1,NULL,'2017-05-30 00:00:00',2),(390,'cycle_auth_id_242',1,1,NULL,'2017-05-30 00:00:00',2),(391,'cycle_auth_id_244',1,1,NULL,'2017-05-30 00:00:00',2),(392,'cycle_auth_id_246',1,1,NULL,'2017-05-30 00:00:00',2),(393,'cycle_auth_id_248',1,1,NULL,'2017-05-30 00:00:00',2),(394,'cycle_auth_id_250',1,1,NULL,'2017-05-30 00:00:00',2),(395,'cycle_auth_id_252',1,1,NULL,'2017-05-30 00:00:00',2),(396,'cycle_auth_id_254',1,1,NULL,'2017-05-30 00:00:00',2),(397,'cycle_auth_id_256',1,1,NULL,'2017-05-30 00:00:00',2),(398,'cycle_auth_id_258',1,1,NULL,'2017-05-30 00:00:00',2),(399,'cycle_auth_id_260',1,1,NULL,'2017-05-30 00:00:00',2),(400,'cycle_auth_id_274',1,1,NULL,'2017-05-30 00:00:00',2),(401,'cycle_auth_id_276',1,1,NULL,'2017-05-30 00:00:00',2),(402,'cycle_auth_id_278',1,1,NULL,'2017-05-30 00:00:00',2),(403,'cycle_auth_id_280',1,1,NULL,'2017-05-30 00:00:00',2),(404,'cycle_Katz_4',1,1,NULL,'2017-10-27 00:00:00',2),(405,'Test Moers Ursule',0,1,NULL,'2017-10-27 12:48:53',2),(407,'Cycle test 1',1,4,'ceci est un commentaire','2017-11-21 12:47:58',2),(408,'livre test 1 sans cycle',0,1,NULL,'2017-11-21 12:49:42',2);
/*!40000 ALTER TABLE `cycle` ENABLE KEYS */;
UNLOCK TABLES;

--
-- Table structure for table `cycle_author`
--

DROP TABLE IF EXISTS `cycle_author`;
/*!40101 SET @saved_cs_client     = @@character_set_client */;
/*!40101 SET character_set_client = utf8 */;
CREATE TABLE `cycle_author` (
  `cycle_id` int(11) NOT NULL,
  `author_id` int(11) NOT NULL,
  PRIMARY KEY (`cycle_id`,`author_id`),
  KEY `IDX_600A97C85EC1162` (`cycle_id`),
  KEY `IDX_600A97C8F675F31B` (`author_id`),
  CONSTRAINT `FK_600A97C85EC1162` FOREIGN KEY (`cycle_id`) REFERENCES `cycle` (`id`) ON DELETE CASCADE,
  CONSTRAINT `FK_600A97C8F675F31B` FOREIGN KEY (`author_id`) REFERENCES `author` (`id`) ON DELETE CASCADE
) ENGINE=InnoDB DEFAULT CHARSET=utf8 COLLATE=utf8_unicode_ci;
/*!40101 SET character_set_client = @saved_cs_client */;

--
-- Dumping data for table `cycle_author`
--

LOCK TABLES `cycle_author` WRITE;
/*!40000 ALTER TABLE `cycle_author` DISABLE KEYS */;
INSERT INTO `cycle_author` VALUES (3,1),(4,3),(5,5),(6,7),(7,9),(8,11),(9,13),(10,15),(11,17),(12,19),(13,21),(14,23),(15,25),(16,27),(17,29),(18,31),(19,33),(20,35),(21,37),(22,39),(23,41),(24,43),(25,45),(26,47),(27,49),(28,51),(29,53),(30,55),(31,57),(32,59),(33,61),(34,63),(35,65),(36,67),(37,69),(38,71),(39,73),(40,75),(41,77),(42,79),(43,81),(44,83),(45,85),(46,87),(47,89),(48,91),(49,93),(50,95),(51,97),(52,99),(53,101),(54,103),(55,105),(56,107),(57,109),(58,111),(59,113),(60,115),(61,117),(62,119),(63,121),(64,123),(65,125),(66,127),(67,129),(68,131),(69,133),(70,135),(71,137),(72,139),(73,141),(74,143),(75,145),(76,147),(77,149),(78,151),(79,153),(80,155),(81,157),(82,159),(83,161),(84,163),(85,165),(86,167),(87,169),(88,171),(89,173),(90,175),(91,177),(92,179),(93,181),(94,183),(95,185),(96,187),(97,189),(98,191),(99,193),(100,195),(101,197),(102,199),(103,201),(104,203),(105,205),(106,207),(107,209),(108,211),(109,213),(110,215),(111,217),(112,219),(113,221),(114,223),(115,225),(116,227),(117,229),(118,231),(119,233),(120,235),(121,237),(122,239),(123,241),(124,243),(125,245),(126,247),(127,249),(128,251),(129,253),(130,255),(131,257),(132,259),(133,261),(134,2),(135,4),(136,6),(137,8),(138,10),(139,12),(140,14),(141,16),(142,18),(143,20),(144,22),(145,24),(146,26),(147,28),(148,30),(149,32),(150,34),(151,36),(152,38),(153,40),(154,42),(155,44),(156,46),(157,48),(158,50),(159,52),(160,54),(161,56),(162,58),(163,60),(164,62),(165,64),(166,66),(167,68),(168,70),(169,72),(170,74),(171,76),(172,78),(173,80),(174,82),(175,84),(176,86),(177,88),(178,90),(179,92),(180,94),(181,96),(182,98),(183,100),(184,102),(185,104),(186,106),(187,108),(188,110),(189,112),(190,114),(191,116),(192,118),(193,120),(194,122),(195,124),(196,126),(197,128),(198,130),(199,132),(200,134),(201,136),(202,138),(203,140),(204,142),(205,144),(206,146),(207,148),(208,150),(209,152),(210,154),(211,156),(212,158),(213,160),(214,162),(215,164),(216,166),(217,168),(218,170),(219,172),(220,174),(221,176),(222,178),(223,180),(224,182),(225,184),(226,186),(227,188),(228,190),(229,192),(230,194),(231,196),(232,198),(233,200),(234,202),(235,204),(236,206),(237,208),(238,210),(239,212),(240,214),(241,216),(242,218),(243,220),(244,222),(245,224),(246,226),(247,228),(248,230),(249,232),(250,234),(251,236),(252,238),(253,240),(254,242),(255,244),(256,246),(257,248),(258,250),(259,252),(260,254),(261,256),(262,258),(263,260),(266,281),(267,281),(268,275),(268,281),(269,280),(271,4),(272,6),(273,8),(274,10),(275,12),(276,14),(277,16),(278,18),(279,20),(280,22),(281,24),(282,26),(283,28),(284,30),(285,32),(286,34),(287,36),(288,38),(289,40),(290,42),(291,44),(292,46),(293,48),(294,50),(295,52),(296,54),(297,56),(298,58),(299,60),(300,62),(301,64),(302,66),(303,68),(304,70),(305,72),(306,74),(307,76),(308,78),(309,80),(310,82),(311,84),(312,86),(313,88),(314,90),(315,92),(316,94),(317,96),(318,98),(319,100),(320,102),(321,104),(322,106),(323,108),(324,110),(325,112),(326,114),(327,116),(328,118),(329,120),(330,122),(331,124),(332,126),(333,128),(334,130),(335,132),(336,134),(337,136),(338,138),(339,140),(340,142),(341,144),(342,146),(343,148),(344,150),(345,152),(346,154),(347,156),(348,158),(349,160),(350,162),(351,164),(352,166),(353,168),(354,170),(355,172),(356,174),(357,176),(358,178),(359,180),(360,182),(361,184),(362,186),(363,188),(364,190),(365,192),(366,194),(367,196),(368,198),(369,200),(370,202),(371,204),(372,206),(373,208),(374,210),(375,212),(376,214),(377,216),(378,218),(379,220),(380,222),(381,224),(382,226),(383,228),(384,230),(385,232),(386,234),(387,236),(388,238),(389,240),(390,242),(391,244),(392,246),(393,248),(394,250),(395,252),(396,254),(397,256),(398,258),(399,260),(400,274),(401,276),(402,278),(403,280),(404,4),(405,282),(407,4),(407,7),(408,4);
/*!40000 ALTER TABLE `cycle_author` ENABLE KEYS */;
UNLOCK TABLES;

--
-- Table structure for table `extend_fields_author`
--

DROP TABLE IF EXISTS `extend_fields_author`;
/*!40101 SET @saved_cs_client     = @@character_set_client */;
/*!40101 SET character_set_client = utf8 */;
CREATE TABLE `extend_fields_author` (
  `id` int(11) NOT NULL AUTO_INCREMENT,
  `type` varchar(15) COLLATE utf8_unicode_ci NOT NULL,
  `name` varchar(50) COLLATE utf8_unicode_ci NOT NULL,
  `createdate` datetime NOT NULL,
  PRIMARY KEY (`id`)
) ENGINE=InnoDB AUTO_INCREMENT=8 DEFAULT CHARSET=utf8 COLLATE=utf8_unicode_ci;
/*!40101 SET character_set_client = @saved_cs_client */;

--
-- Dumping data for table `extend_fields_author`
--

LOCK TABLES `extend_fields_author` WRITE;
/*!40000 ALTER TABLE `extend_fields_author` DISABLE KEYS */;
INSERT INTO `extend_fields_author` VALUES (1,'string','Lieu','2017-06-12 00:00:00'),(2,'number','Quote sur 10','2017-06-12 00:00:00'),(3,'date','Date du prt','2017-06-28 00:00:00'),(4,'boolean','Lu ?','2017-07-03 00:00:00'),(5,'email','adresse','2017-07-04 00:00:00'),(6,'url','Site','2017-07-04 00:00:00'),(7,'choice','bilbiothque','2017-07-10 00:00:00');
/*!40000 ALTER TABLE `extend_fields_author` ENABLE KEYS */;
UNLOCK TABLES;

--
-- Table structure for table `extend_fields_book`
--

DROP TABLE IF EXISTS `extend_fields_book`;
/*!40101 SET @saved_cs_client     = @@character_set_client */;
/*!40101 SET character_set_client = utf8 */;
CREATE TABLE `extend_fields_book` (
  `id` int(11) NOT NULL AUTO_INCREMENT,
  `type` varchar(15) COLLATE utf8_unicode_ci NOT NULL,
  `name` varchar(50) COLLATE utf8_unicode_ci NOT NULL,
  `createdate` datetime NOT NULL,
  PRIMARY KEY (`id`)
) ENGINE=InnoDB AUTO_INCREMENT=2 DEFAULT CHARSET=utf8 COLLATE=utf8_unicode_ci;
/*!40101 SET character_set_client = @saved_cs_client */;

--
-- Dumping data for table `extend_fields_book`
--

LOCK TABLES `extend_fields_book` WRITE;
/*!40000 ALTER TABLE `extend_fields_book` DISABLE KEYS */;
INSERT INTO `extend_fields_book` VALUES (1,'string','Opinion','2017-10-06 00:00:00');
/*!40000 ALTER TABLE `extend_fields_book` ENABLE KEYS */;
UNLOCK TABLES;

--
-- Table structure for table `extend_fields_cycle`
--

DROP TABLE IF EXISTS `extend_fields_cycle`;
/*!40101 SET @saved_cs_client     = @@character_set_client */;
/*!40101 SET character_set_client = utf8 */;
CREATE TABLE `extend_fields_cycle` (
  `id` int(11) NOT NULL AUTO_INCREMENT,
  `type` varchar(15) COLLATE utf8_unicode_ci NOT NULL,
  `name` varchar(50) COLLATE utf8_unicode_ci NOT NULL,
  `createdate` datetime NOT NULL,
  PRIMARY KEY (`id`)
) ENGINE=InnoDB AUTO_INCREMENT=2 DEFAULT CHARSET=utf8 COLLATE=utf8_unicode_ci;
/*!40101 SET character_set_client = @saved_cs_client */;

--
-- Dumping data for table `extend_fields_cycle`
--

LOCK TABLES `extend_fields_cycle` WRITE;
/*!40000 ALTER TABLE `extend_fields_cycle` DISABLE KEYS */;
INSERT INTO `extend_fields_cycle` VALUES (1,'string','opinion','2017-11-15 00:00:00');
/*!40000 ALTER TABLE `extend_fields_cycle` ENABLE KEYS */;
UNLOCK TABLES;

--
-- Table structure for table `extend_values_author`
--

DROP TABLE IF EXISTS `extend_values_author`;
/*!40101 SET @saved_cs_client     = @@character_set_client */;
/*!40101 SET character_set_client = utf8 */;
CREATE TABLE `extend_values_author` (
  `id` int(11) NOT NULL AUTO_INCREMENT,
  `stringvalue` varchar(255) COLLATE utf8_unicode_ci DEFAULT NULL,
  `numbervalue` int(11) DEFAULT NULL,
  `decimalvalue` decimal(11,2) DEFAULT NULL,
  `longtextvalue` longtext COLLATE utf8_unicode_ci,
  `datevalue` datetime DEFAULT NULL,
  `link_extend_author_id` int(11) DEFAULT NULL,
  `createdate` datetime NOT NULL,
  `booleanvalue` tinyint(1) DEFAULT NULL,
  `emailvalue` varchar(255) COLLATE utf8_unicode_ci DEFAULT NULL,
  `urlvalue` varchar(255) COLLATE utf8_unicode_ci DEFAULT NULL,
  `choicevalue` int(11) DEFAULT NULL,
  PRIMARY KEY (`id`),
  UNIQUE KEY `UNIQ_9132A087B839363B` (`link_extend_author_id`),
  CONSTRAINT `FK_9132A087B839363B` FOREIGN KEY (`link_extend_author_id`) REFERENCES `link_fields_author` (`id`) ON DELETE CASCADE
) ENGINE=InnoDB AUTO_INCREMENT=70 DEFAULT CHARSET=utf8 COLLATE=utf8_unicode_ci;
/*!40101 SET character_set_client = @saved_cs_client */;

--
-- Dumping data for table `extend_values_author`
--

LOCK TABLES `extend_values_author` WRITE;
/*!40000 ALTER TABLE `extend_values_author` DISABLE KEYS */;
INSERT INTO `extend_values_author` VALUES (24,NULL,NULL,NULL,NULL,NULL,33,'2017-06-30 11:25:06',NULL,NULL,NULL,NULL),(25,NULL,0,NULL,NULL,NULL,34,'2017-06-30 11:25:06',NULL,NULL,NULL,NULL),(26,NULL,NULL,NULL,NULL,NULL,35,'2017-06-30 11:25:06',NULL,NULL,NULL,NULL),(27,NULL,NULL,NULL,NULL,NULL,36,'2017-06-30 11:40:51',NULL,NULL,NULL,NULL),(28,NULL,0,NULL,NULL,NULL,37,'2017-06-30 11:40:51',NULL,NULL,NULL,NULL),(29,NULL,NULL,NULL,NULL,NULL,38,'2017-06-30 11:40:51',NULL,NULL,NULL,NULL),(30,NULL,NULL,NULL,NULL,NULL,39,'2017-06-30 11:42:48',NULL,NULL,NULL,NULL),(31,NULL,0,NULL,NULL,NULL,40,'2017-06-30 11:42:48',NULL,NULL,NULL,NULL),(32,NULL,NULL,NULL,NULL,NULL,41,'2017-06-30 11:42:48',NULL,NULL,NULL,NULL),(33,NULL,NULL,NULL,NULL,NULL,42,'2017-07-03 11:03:18',NULL,NULL,NULL,NULL),(34,NULL,NULL,NULL,NULL,NULL,43,'2017-07-03 11:03:18',NULL,NULL,NULL,NULL),(35,NULL,NULL,NULL,NULL,NULL,44,'2017-07-03 11:03:18',NULL,NULL,NULL,NULL),(36,'ff',NULL,NULL,NULL,NULL,45,'2017-07-03 11:05:27',NULL,NULL,NULL,NULL),(37,NULL,5,NULL,NULL,NULL,46,'2017-07-03 11:05:27',NULL,NULL,NULL,NULL),(38,NULL,NULL,NULL,NULL,'2017-07-31 11:05:27',47,'2017-07-03 11:05:27',NULL,NULL,NULL,NULL),(39,NULL,NULL,NULL,NULL,NULL,48,'2017-07-04 10:49:45',NULL,NULL,NULL,NULL),(40,NULL,NULL,NULL,NULL,NULL,49,'2017-07-04 10:49:45',NULL,NULL,NULL,NULL),(41,NULL,NULL,NULL,NULL,NULL,50,'2017-07-04 10:49:45',NULL,NULL,NULL,NULL),(42,NULL,NULL,NULL,NULL,NULL,51,'2017-07-04 10:49:45',1,NULL,NULL,NULL),(43,NULL,NULL,NULL,NULL,NULL,52,'2017-07-04 10:58:30',NULL,NULL,NULL,NULL),(44,NULL,NULL,NULL,NULL,NULL,53,'2017-07-04 10:58:30',NULL,NULL,NULL,NULL),(45,NULL,NULL,NULL,NULL,NULL,54,'2017-07-04 10:58:30',NULL,NULL,NULL,NULL),(46,NULL,NULL,NULL,NULL,NULL,55,'2017-07-04 10:58:30',0,NULL,NULL,NULL),(47,NULL,NULL,NULL,NULL,NULL,56,'2017-07-04 10:58:30',NULL,'serge.moers@gmail.com',NULL,NULL),(48,NULL,NULL,NULL,NULL,NULL,57,'2017-07-04 10:58:30',NULL,NULL,'http://www.llepoategr.com',NULL),(49,'ll',NULL,NULL,NULL,NULL,58,'2017-07-17 10:55:41',NULL,NULL,NULL,NULL),(50,NULL,0,NULL,NULL,NULL,59,'2017-07-17 10:55:41',NULL,NULL,NULL,NULL),(51,NULL,NULL,NULL,NULL,'2017-07-12 10:55:36',60,'2017-07-17 10:55:41',NULL,NULL,NULL,NULL),(52,NULL,NULL,NULL,NULL,NULL,61,'2017-07-17 10:55:41',0,NULL,NULL,NULL),(53,NULL,NULL,NULL,NULL,NULL,62,'2017-07-17 10:55:41',NULL,NULL,NULL,NULL),(54,NULL,NULL,NULL,NULL,NULL,63,'2017-07-17 10:55:41',NULL,NULL,NULL,NULL),(55,NULL,NULL,NULL,NULL,NULL,64,'2017-07-17 10:55:41',NULL,NULL,NULL,18),(56,NULL,NULL,NULL,NULL,NULL,65,'2017-07-17 10:56:27',NULL,NULL,NULL,NULL),(57,NULL,NULL,NULL,NULL,NULL,66,'2017-07-17 10:56:27',NULL,NULL,NULL,NULL),(58,NULL,NULL,NULL,NULL,NULL,67,'2017-07-17 10:56:27',NULL,NULL,NULL,NULL),(59,NULL,NULL,NULL,NULL,NULL,68,'2017-07-17 10:56:27',0,NULL,NULL,NULL),(60,NULL,NULL,NULL,NULL,NULL,69,'2017-07-17 10:56:27',NULL,NULL,NULL,NULL),(61,NULL,NULL,NULL,NULL,NULL,70,'2017-07-17 10:56:27',NULL,NULL,NULL,NULL),(62,NULL,NULL,NULL,NULL,NULL,71,'2017-07-17 10:56:27',NULL,NULL,NULL,17),(63,NULL,NULL,NULL,NULL,NULL,72,'2017-10-27 12:47:57',NULL,NULL,NULL,NULL),(64,NULL,NULL,NULL,NULL,NULL,73,'2017-10-27 12:47:57',NULL,NULL,NULL,NULL),(65,NULL,NULL,NULL,NULL,NULL,74,'2017-10-27 12:47:57',NULL,NULL,NULL,NULL),(66,NULL,NULL,NULL,NULL,NULL,75,'2017-10-27 12:47:57',0,NULL,NULL,NULL),(67,NULL,NULL,NULL,NULL,NULL,76,'2017-10-27 12:47:57',NULL,NULL,NULL,NULL),(68,NULL,NULL,NULL,NULL,NULL,77,'2017-10-27 12:47:57',NULL,NULL,NULL,NULL),(69,NULL,NULL,NULL,NULL,NULL,78,'2017-10-27 12:47:57',NULL,NULL,NULL,NULL);
/*!40000 ALTER TABLE `extend_values_author` ENABLE KEYS */;
UNLOCK TABLES;

--
-- Table structure for table `extend_values_book`
--

DROP TABLE IF EXISTS `extend_values_book`;
/*!40101 SET @saved_cs_client     = @@character_set_client */;
/*!40101 SET character_set_client = utf8 */;
CREATE TABLE `extend_values_book` (
  `id` int(11) NOT NULL AUTO_INCREMENT,
  `link_extend_book_id` int(11) DEFAULT NULL,
  `stringvalue` varchar(255) COLLATE utf8_unicode_ci DEFAULT NULL,
  `numbervalue` int(11) DEFAULT NULL,
  `decimalvalue` decimal(11,2) DEFAULT NULL,
  `longtextvalue` longtext COLLATE utf8_unicode_ci,
  `datevalue` date DEFAULT NULL,
  `createdate` datetime NOT NULL,
  `booleanvalue` tinyint(1) DEFAULT NULL,
  `emailvalue` varchar(255) COLLATE utf8_unicode_ci DEFAULT NULL,
  `urlvalue` varchar(255) COLLATE utf8_unicode_ci DEFAULT NULL,
  `choicevalue` int(11) DEFAULT NULL,
  PRIMARY KEY (`id`),
  UNIQUE KEY `UNIQ_290C6E5DE2E01A26` (`link_extend_book_id`),
  CONSTRAINT `FK_290C6E5DE2E01A26` FOREIGN KEY (`link_extend_book_id`) REFERENCES `link_fields_book` (`id`) ON DELETE CASCADE
) ENGINE=InnoDB AUTO_INCREMENT=15 DEFAULT CHARSET=utf8 COLLATE=utf8_unicode_ci;
/*!40101 SET character_set_client = @saved_cs_client */;

--
-- Dumping data for table `extend_values_book`
--

LOCK TABLES `extend_values_book` WRITE;
/*!40000 ALTER TABLE `extend_values_book` DISABLE KEYS */;
INSERT INTO `extend_values_book` VALUES (1,NULL,'bon',NULL,NULL,NULL,NULL,'2017-10-13 12:55:06',NULL,NULL,NULL,NULL),(2,NULL,NULL,NULL,NULL,NULL,NULL,'2017-10-16 12:31:56',NULL,NULL,NULL,NULL),(3,NULL,NULL,NULL,NULL,NULL,NULL,'2017-10-16 13:18:02',NULL,NULL,NULL,NULL),(4,NULL,'dfqsdfqsf',NULL,NULL,NULL,NULL,'2017-10-16 13:20:21',NULL,NULL,NULL,NULL),(5,NULL,NULL,NULL,NULL,NULL,NULL,'2017-10-27 12:48:53',NULL,NULL,NULL,NULL),(6,NULL,NULL,NULL,NULL,NULL,NULL,'2017-11-20 13:14:15',NULL,NULL,NULL,NULL),(7,NULL,NULL,NULL,NULL,NULL,NULL,'2017-11-20 13:15:11',NULL,NULL,NULL,NULL),(8,NULL,NULL,NULL,NULL,NULL,NULL,'2017-11-20 13:15:57',NULL,NULL,NULL,NULL),(9,NULL,NULL,NULL,NULL,NULL,NULL,'2017-11-20 13:16:50',NULL,NULL,NULL,NULL),(10,NULL,NULL,NULL,NULL,NULL,NULL,'2017-11-21 12:47:58',NULL,NULL,NULL,NULL),(11,NULL,NULL,NULL,NULL,NULL,NULL,'2017-11-21 12:48:46',NULL,NULL,NULL,NULL),(12,NULL,NULL,NULL,NULL,NULL,NULL,'2017-11-21 12:49:42',NULL,NULL,NULL,NULL),(13,NULL,NULL,NULL,NULL,NULL,NULL,'2017-11-22 12:47:05',NULL,NULL,NULL,NULL),(14,NULL,NULL,NULL,NULL,NULL,NULL,'2017-11-22 12:55:37',NULL,NULL,NULL,NULL);
/*!40000 ALTER TABLE `extend_values_book` ENABLE KEYS */;
UNLOCK TABLES;

--
-- Table structure for table `extend_values_cycle`
--

DROP TABLE IF EXISTS `extend_values_cycle`;
/*!40101 SET @saved_cs_client     = @@character_set_client */;
/*!40101 SET character_set_client = utf8 */;
CREATE TABLE `extend_values_cycle` (
  `id` int(11) NOT NULL AUTO_INCREMENT,
  `link_extend_cycle_id` int(11) DEFAULT NULL,
  `stringvalue` varchar(255) COLLATE utf8_unicode_ci DEFAULT NULL,
  `numbervalue` int(11) DEFAULT NULL,
  `decimalvalue` decimal(11,2) DEFAULT NULL,
  `longtextvalue` longtext COLLATE utf8_unicode_ci,
  `datevalue` date DEFAULT NULL,
  `createdate` datetime NOT NULL,
  `booleanvalue` tinyint(1) DEFAULT NULL,
  `emailvalue` varchar(255) COLLATE utf8_unicode_ci DEFAULT NULL,
  `urlvalue` varchar(255) COLLATE utf8_unicode_ci DEFAULT NULL,
  `choicevalue` int(11) DEFAULT NULL,
  PRIMARY KEY (`id`),
  UNIQUE KEY `UNIQ_F460152D4DAA6580` (`link_extend_cycle_id`),
  CONSTRAINT `FK_F460152D4DAA6580` FOREIGN KEY (`link_extend_cycle_id`) REFERENCES `link_fields_cycle` (`id`) ON DELETE CASCADE
) ENGINE=InnoDB AUTO_INCREMENT=3 DEFAULT CHARSET=utf8 COLLATE=utf8_unicode_ci;
/*!40101 SET character_set_client = @saved_cs_client */;

--
-- Dumping data for table `extend_values_cycle`
--

LOCK TABLES `extend_values_cycle` WRITE;
/*!40000 ALTER TABLE `extend_values_cycle` DISABLE KEYS */;
INSERT INTO `extend_values_cycle` VALUES (1,NULL,NULL,NULL,NULL,NULL,NULL,'2017-11-21 12:47:58',NULL,NULL,NULL,NULL),(2,NULL,NULL,NULL,NULL,NULL,NULL,'2017-11-21 12:49:42',NULL,NULL,NULL,NULL);
/*!40000 ALTER TABLE `extend_values_cycle` ENABLE KEYS */;
UNLOCK TABLES;

--
-- Table structure for table `fos_group`
--

DROP TABLE IF EXISTS `fos_group`;
/*!40101 SET @saved_cs_client     = @@character_set_client */;
/*!40101 SET character_set_client = utf8 */;
CREATE TABLE `fos_group` (
  `id` int(11) NOT NULL AUTO_INCREMENT,
  `name` varchar(180) COLLATE utf8_unicode_ci NOT NULL,
  `roles` longtext COLLATE utf8_unicode_ci NOT NULL COMMENT '(DC2Type:array)',
  PRIMARY KEY (`id`),
  UNIQUE KEY `UNIQ_4B019DDB5E237E06` (`name`)
) ENGINE=InnoDB DEFAULT CHARSET=utf8 COLLATE=utf8_unicode_ci;
/*!40101 SET character_set_client = @saved_cs_client */;

--
-- Dumping data for table `fos_group`
--

LOCK TABLES `fos_group` WRITE;
/*!40000 ALTER TABLE `fos_group` DISABLE KEYS */;
/*!40000 ALTER TABLE `fos_group` ENABLE KEYS */;
UNLOCK TABLES;

--
-- Table structure for table `fos_user`
--

DROP TABLE IF EXISTS `fos_user`;
/*!40101 SET @saved_cs_client     = @@character_set_client */;
/*!40101 SET character_set_client = utf8 */;
CREATE TABLE `fos_user` (
  `id` int(11) NOT NULL AUTO_INCREMENT,
  `username` varchar(180) COLLATE utf8_unicode_ci NOT NULL,
  `username_canonical` varchar(180) COLLATE utf8_unicode_ci NOT NULL,
  `email` varchar(180) COLLATE utf8_unicode_ci NOT NULL,
  `email_canonical` varchar(180) COLLATE utf8_unicode_ci NOT NULL,
  `enabled` tinyint(1) NOT NULL,
  `salt` varchar(255) COLLATE utf8_unicode_ci DEFAULT NULL,
  `password` varchar(255) COLLATE utf8_unicode_ci NOT NULL,
  `last_login` datetime DEFAULT NULL,
  `confirmation_token` varchar(180) COLLATE utf8_unicode_ci DEFAULT NULL,
  `password_requested_at` datetime DEFAULT NULL,
  `roles` longtext COLLATE utf8_unicode_ci NOT NULL COMMENT '(DC2Type:array)',
  `attributes` longtext COLLATE utf8_unicode_ci COMMENT '(DC2Type:json_array)',
  PRIMARY KEY (`id`),
  UNIQUE KEY `UNIQ_957A647992FC23A8` (`username_canonical`),
  UNIQUE KEY `UNIQ_957A6479A0D96FBF` (`email_canonical`),
  UNIQUE KEY `UNIQ_957A6479C05FB297` (`confirmation_token`)
) ENGINE=InnoDB AUTO_INCREMENT=2 DEFAULT CHARSET=utf8 COLLATE=utf8_unicode_ci;
/*!40101 SET character_set_client = @saved_cs_client */;

--
-- Dumping data for table `fos_user`
--

LOCK TABLES `fos_user` WRITE;
/*!40000 ALTER TABLE `fos_user` DISABLE KEYS */;
INSERT INTO `fos_user` VALUES (1,'smoers','smoers','serge.moers@gmail.com','serge.moers@gmail.com',1,'8uQxVg3FoPRy7.gN.1fLJ62bgoikLIa2HGcyungptIg','Garion01{8uQxVg3FoPRy7.gN.1fLJ62bgoikLIa2HGcyungptIg}','2018-01-10 13:31:36',NULL,NULL,'a:1:{i:0;s:16:\"ROLE_SUPER_ADMIN\";}','{\"layout\": \"cirrus\"}');
/*!40000 ALTER TABLE `fos_user` ENABLE KEYS */;
UNLOCK TABLES;

--
-- Table structure for table `fos_user_user_group`
--

DROP TABLE IF EXISTS `fos_user_user_group`;
/*!40101 SET @saved_cs_client     = @@character_set_client */;
/*!40101 SET character_set_client = utf8 */;
CREATE TABLE `fos_user_user_group` (
  `user_id` int(11) NOT NULL,
  `group_id` int(11) NOT NULL,
  PRIMARY KEY (`user_id`,`group_id`),
  KEY `IDX_B3C77447A76ED395` (`user_id`),
  KEY `IDX_B3C77447FE54D947` (`group_id`),
  CONSTRAINT `FK_B3C77447A76ED395` FOREIGN KEY (`user_id`) REFERENCES `fos_user` (`id`),
  CONSTRAINT `FK_B3C77447FE54D947` FOREIGN KEY (`group_id`) REFERENCES `fos_group` (`id`)
) ENGINE=InnoDB DEFAULT CHARSET=utf8 COLLATE=utf8_unicode_ci;
/*!40101 SET character_set_client = @saved_cs_client */;

--
-- Dumping data for table `fos_user_user_group`
--

LOCK TABLES `fos_user_user_group` WRITE;
/*!40000 ALTER TABLE `fos_user_user_group` DISABLE KEYS */;
/*!40000 ALTER TABLE `fos_user_user_group` ENABLE KEYS */;
UNLOCK TABLES;

--
-- Table structure for table `link_fields_author`
--

DROP TABLE IF EXISTS `link_fields_author`;
/*!40101 SET @saved_cs_client     = @@character_set_client */;
/*!40101 SET character_set_client = utf8 */;
CREATE TABLE `link_fields_author` (
  `id` int(11) NOT NULL AUTO_INCREMENT,
  `author_id` int(11) DEFAULT NULL,
  `extend_values_author_id` int(11) DEFAULT NULL,
  `extend_fields_author_id` int(11) DEFAULT NULL,
  PRIMARY KEY (`id`),
  UNIQUE KEY `UNIQ_71F961EEE4EB25CD` (`extend_values_author_id`),
  KEY `IDX_71F961EEF675F31B` (`author_id`),
  KEY `IDX_71F961EECB24C8C9` (`extend_fields_author_id`),
  CONSTRAINT `FK_71F961EECB24C8C9` FOREIGN KEY (`extend_fields_author_id`) REFERENCES `extend_fields_author` (`id`) ON DELETE NO ACTION ON UPDATE NO ACTION,
  CONSTRAINT `FK_71F961EEE4EB25CD` FOREIGN KEY (`extend_values_author_id`) REFERENCES `extend_values_author` (`id`) ON DELETE CASCADE,
  CONSTRAINT `FK_71F961EEF675F31B` FOREIGN KEY (`author_id`) REFERENCES `author` (`id`) ON DELETE CASCADE
) ENGINE=InnoDB AUTO_INCREMENT=79 DEFAULT CHARSET=utf8 COLLATE=utf8_unicode_ci;
/*!40101 SET character_set_client = @saved_cs_client */;

--
-- Dumping data for table `link_fields_author`
--

LOCK TABLES `link_fields_author` WRITE;
/*!40000 ALTER TABLE `link_fields_author` DISABLE KEYS */;
INSERT INTO `link_fields_author` VALUES (33,273,24,1),(34,273,25,2),(35,273,26,3),(36,274,27,1),(37,274,28,2),(38,274,29,3),(39,275,30,1),(40,275,31,2),(41,275,32,3),(42,276,33,1),(43,276,34,2),(44,276,35,3),(45,277,36,1),(46,277,37,2),(47,277,38,3),(48,278,39,1),(49,278,40,2),(50,278,41,3),(51,278,42,4),(52,279,43,1),(53,279,44,2),(54,279,45,3),(55,279,46,4),(56,279,47,5),(57,279,48,6),(58,280,49,1),(59,280,50,2),(60,280,51,3),(61,280,52,4),(62,280,53,5),(63,280,54,6),(64,280,55,7),(65,281,56,1),(66,281,57,2),(67,281,58,3),(68,281,59,4),(69,281,60,5),(70,281,61,6),(71,281,62,7),(72,282,63,1),(73,282,64,2),(74,282,65,3),(75,282,66,4),(76,282,67,5),(77,282,68,6),(78,282,69,7);
/*!40000 ALTER TABLE `link_fields_author` ENABLE KEYS */;
UNLOCK TABLES;

--
-- Table structure for table `link_fields_book`
--

DROP TABLE IF EXISTS `link_fields_book`;
/*!40101 SET @saved_cs_client     = @@character_set_client */;
/*!40101 SET character_set_client = utf8 */;
CREATE TABLE `link_fields_book` (
  `id` int(11) NOT NULL AUTO_INCREMENT,
  `book_id` int(11) DEFAULT NULL,
  `extend_values_book_id` int(11) DEFAULT NULL,
  `extend_fields_book_id` int(11) DEFAULT NULL,
  PRIMARY KEY (`id`),
  UNIQUE KEY `UNIQ_890CCFF0ED72F8` (`extend_values_book_id`),
  KEY `IDX_890CCF16A2B381` (`book_id`),
  KEY `IDX_890CCF6B8C3618` (`extend_fields_book_id`),
  CONSTRAINT `FK_890CCF16A2B381` FOREIGN KEY (`book_id`) REFERENCES `book` (`id`) ON DELETE CASCADE,
  CONSTRAINT `FK_890CCF6B8C3618` FOREIGN KEY (`extend_fields_book_id`) REFERENCES `extend_fields_book` (`id`),
  CONSTRAINT `FK_890CCFF0ED72F8` FOREIGN KEY (`extend_values_book_id`) REFERENCES `extend_values_book` (`id`) ON DELETE CASCADE
) ENGINE=InnoDB AUTO_INCREMENT=15 DEFAULT CHARSET=utf8 COLLATE=utf8_unicode_ci;
/*!40101 SET character_set_client = @saved_cs_client */;

--
-- Dumping data for table `link_fields_book`
--

LOCK TABLES `link_fields_book` WRITE;
/*!40000 ALTER TABLE `link_fields_book` DISABLE KEYS */;
INSERT INTO `link_fields_book` VALUES (1,782,1,1),(2,783,2,1),(3,784,3,1),(4,785,4,1),(5,786,5,1),(6,787,6,1),(7,788,7,1),(8,789,8,1),(9,790,9,1),(10,791,10,1),(11,792,11,1),(12,793,12,1),(13,794,13,1),(14,795,14,1);
/*!40000 ALTER TABLE `link_fields_book` ENABLE KEYS */;
UNLOCK TABLES;

--
-- Table structure for table `link_fields_cycle`
--

DROP TABLE IF EXISTS `link_fields_cycle`;
/*!40101 SET @saved_cs_client     = @@character_set_client */;
/*!40101 SET character_set_client = utf8 */;
CREATE TABLE `link_fields_cycle` (
  `id` int(11) NOT NULL AUTO_INCREMENT,
  `cycle_id` int(11) DEFAULT NULL,
  `extend_values_cycle_id` int(11) DEFAULT NULL,
  `extend_fields_cycle_id` int(11) DEFAULT NULL,
  PRIMARY KEY (`id`),
  UNIQUE KEY `UNIQ_EA4862272CD3973B` (`extend_values_cycle_id`),
  KEY `IDX_EA4862275EC1162` (`cycle_id`),
  KEY `IDX_EA4862278C421407` (`extend_fields_cycle_id`),
  CONSTRAINT `FK_EA4862272CD3973B` FOREIGN KEY (`extend_values_cycle_id`) REFERENCES `extend_values_cycle` (`id`) ON DELETE CASCADE,
  CONSTRAINT `FK_EA4862275EC1162` FOREIGN KEY (`cycle_id`) REFERENCES `cycle` (`id`) ON DELETE CASCADE,
  CONSTRAINT `FK_EA4862278C421407` FOREIGN KEY (`extend_fields_cycle_id`) REFERENCES `extend_fields_cycle` (`id`)
) ENGINE=InnoDB AUTO_INCREMENT=3 DEFAULT CHARSET=utf8 COLLATE=utf8_unicode_ci;
/*!40101 SET character_set_client = @saved_cs_client */;

--
-- Dumping data for table `link_fields_cycle`
--

LOCK TABLES `link_fields_cycle` WRITE;
/*!40000 ALTER TABLE `link_fields_cycle` DISABLE KEYS */;
INSERT INTO `link_fields_cycle` VALUES (1,407,1,1),(2,408,2,1);
/*!40000 ALTER TABLE `link_fields_cycle` ENABLE KEYS */;
UNLOCK TABLES;

--
-- Table structure for table `system`
--

DROP TABLE IF EXISTS `system`;
/*!40101 SET @saved_cs_client     = @@character_set_client */;
/*!40101 SET character_set_client = utf8 */;
CREATE TABLE `system` (
  `id` int(11) NOT NULL AUTO_INCREMENT,
  `filter` varchar(100) COLLATE utf8_unicode_ci NOT NULL,
  `value` varchar(255) COLLATE utf8_unicode_ci NOT NULL,
  `enabled` tinyint(1) NOT NULL,
  PRIMARY KEY (`id`)
) ENGINE=InnoDB AUTO_INCREMENT=19 DEFAULT CHARSET=utf8 COLLATE=utf8_unicode_ci;
/*!40101 SET character_set_client = @saved_cs_client */;

--
-- Dumping data for table `system`
--

LOCK TABLES `system` WRITE;
/*!40000 ALTER TABLE `system` DISABLE KEYS */;
INSERT INTO `system` VALUES (1,'type','Heroic-Fantasy',-1),(2,'type','Fantaisie',-1),(3,'type','Religion',-1),(4,'format','Broch',-1),(5,'format','Pocket',-1),(6,'format','Magazine',-1),(7,'extend.field.type','string',-1),(8,'extend.field.type','number',-1),(9,'extend.field.type','decimal',-1),(10,'extend.field.type','longtext',-1),(11,'extend.field.type','date',-1),(12,'extend.field.type','boolean',-1),(13,'extend.field.type','email',-1),(14,'extend.field.type','url',-1),(15,'extend.field.type','choice',-1),(16,'extend.field.choice.author.7','Mathieu',1),(17,'extend.field.choice.author.7','Serge',1),(18,'extend.field.choice.author.7','Alice',1);
/*!40000 ALTER TABLE `system` ENABLE KEYS */;
UNLOCK TABLES;

--
-- Dumping events for database 'bird'
--

--
-- Dumping routines for database 'bird'
--
/*!50003 DROP PROCEDURE IF EXISTS `load_authors_data` */;
/*!50003 SET @saved_cs_client      = @@character_set_client */ ;
/*!50003 SET @saved_cs_results     = @@character_set_results */ ;
/*!50003 SET @saved_col_connection = @@collation_connection */ ;
/*!50003 SET character_set_client  = utf8 */ ;
/*!50003 SET character_set_results = utf8 */ ;
/*!50003 SET collation_connection  = utf8_general_ci */ ;
/*!50003 SET @saved_sql_mode       = @@sql_mode */ ;
/*!50003 SET sql_mode              = 'STRICT_ALL_TABLES,NO_AUTO_CREATE_USER' */ ;
DELIMITER ;;
CREATE DEFINER=`bird_user`@`%` PROCEDURE `load_authors_data`()
begin
declare v_max int;
declare v_counter int;
set v_max = 250;
set v_counter = 0;
	start transaction;
    while v_counter < v_max do
		insert into author (lastname, firstname, createdate) values (concat("lastname", v_counter), concat("firstname", v_counter), "2017-04-26"); 
        set v_counter = v_counter + 1;
    end while;
    commit;
end ;;
DELIMITER ;
/*!50003 SET sql_mode              = @saved_sql_mode */ ;
/*!50003 SET character_set_client  = @saved_cs_client */ ;
/*!50003 SET character_set_results = @saved_cs_results */ ;
/*!50003 SET collation_connection  = @saved_col_connection */ ;
/*!50003 DROP PROCEDURE IF EXISTS `load_books_data` */;
/*!50003 SET @saved_cs_client      = @@character_set_client */ ;
/*!50003 SET @saved_cs_results     = @@character_set_results */ ;
/*!50003 SET @saved_col_connection = @@collation_connection */ ;
/*!50003 SET character_set_client  = utf8 */ ;
/*!50003 SET character_set_results = utf8 */ ;
/*!50003 SET collation_connection  = utf8_general_ci */ ;
/*!50003 SET @saved_sql_mode       = @@sql_mode */ ;
/*!50003 SET sql_mode              = 'STRICT_ALL_TABLES,NO_AUTO_CREATE_USER' */ ;
DELIMITER ;;
CREATE DEFINER=`bird_user`@`%` PROCEDURE `load_books_data`()
BEGIN
	DECLARE fincurs BOOLEAN DEFAULT 0;
    DECLARE v_counter INT DEFAULT 1;
    DECLARE v_max INT DEFAULT 6;
    DECLARE v_id INT;
    DECLARE curs CURSOR FOR
			SELECT id FROM cycle WHERE yncycle = true;
	DECLARE CONTINUE HANDLER FOR NOT FOUND SET fincurs = 1;
    
    OPEN curs;
    FETCH curs INTO v_id;
    START TRANSACTION;
	WHILE (NOT fincurs) DO
		WHILE  v_counter < v_max do
			INSERT INTO book(cycle_id,title,presentation,volume,format_id,createdate) VALUE (v_id,concat('book_cycle_id_',v_id), 'presentation', v_counter, 4, '2017-05-23');
            set v_counter = v_counter + 1;
		END WHILE;
        set v_counter = 1;
        FETCH curs INTO v_id;
	END WHILE;
    COMMIT;
    CLOSE curs;
END ;;
DELIMITER ;
/*!50003 SET sql_mode              = @saved_sql_mode */ ;
/*!50003 SET character_set_client  = @saved_cs_client */ ;
/*!50003 SET character_set_results = @saved_cs_results */ ;
/*!50003 SET collation_connection  = @saved_col_connection */ ;
/*!50003 DROP PROCEDURE IF EXISTS `load_books_no_cycle_data` */;
/*!50003 SET @saved_cs_client      = @@character_set_client */ ;
/*!50003 SET @saved_cs_results     = @@character_set_results */ ;
/*!50003 SET @saved_col_connection = @@collation_connection */ ;
/*!50003 SET character_set_client  = utf8 */ ;
/*!50003 SET character_set_results = utf8 */ ;
/*!50003 SET collation_connection  = utf8_general_ci */ ;
/*!50003 SET @saved_sql_mode       = @@sql_mode */ ;
/*!50003 SET sql_mode              = 'STRICT_ALL_TABLES,NO_AUTO_CREATE_USER' */ ;
DELIMITER ;;
CREATE DEFINER=`bird_user`@`%` PROCEDURE `load_books_no_cycle_data`()
BEGIN
	DECLARE fincurs BOOLEAN DEFAULT 0;
    DECLARE v_id INT;
    DECLARE curs CURSOR FOR
			SELECT id FROM cycle WHERE yncycle = false;
	DECLARE CONTINUE HANDLER FOR NOT FOUND SET fincurs = 1;
    
    OPEN curs;
    FETCH curs INTO v_id;
    START TRANSACTION;
	WHILE (NOT fincurs) DO
		INSERT INTO book(cycle_id,title,presentation,volume,format_id,createdate) VALUE (v_id,concat('book_cycle_id_',v_id), 'presentation', 1, 4, '2017-05-23');
        FETCH curs INTO v_id;
	END WHILE;
    COMMIT;
    CLOSE curs;

END ;;
DELIMITER ;
/*!50003 SET sql_mode              = @saved_sql_mode */ ;
/*!50003 SET character_set_client  = @saved_cs_client */ ;
/*!50003 SET character_set_results = @saved_cs_results */ ;
/*!50003 SET collation_connection  = @saved_col_connection */ ;
/*!50003 DROP PROCEDURE IF EXISTS `load_cycles_data_CYCLE` */;
/*!50003 SET @saved_cs_client      = @@character_set_client */ ;
/*!50003 SET @saved_cs_results     = @@character_set_results */ ;
/*!50003 SET @saved_col_connection = @@collation_connection */ ;
/*!50003 SET character_set_client  = utf8 */ ;
/*!50003 SET character_set_results = utf8 */ ;
/*!50003 SET collation_connection  = utf8_general_ci */ ;
/*!50003 SET @saved_sql_mode       = @@sql_mode */ ;
/*!50003 SET sql_mode              = 'ONLY_FULL_GROUP_BY,STRICT_TRANS_TABLES,NO_ZERO_IN_DATE,NO_ZERO_DATE,ERROR_FOR_DIVISION_BY_ZERO,NO_AUTO_CREATE_USER,NO_ENGINE_SUBSTITUTION' */ ;
DELIMITER ;;
CREATE DEFINER=`bird_user`@`%` PROCEDURE `load_cycles_data_CYCLE`()
BEGIN
	DECLARE fincurs BOOLEAN DEFAULT 0;
    DECLARE counter INT DEFAULT 0;
    DECLARE v_id INT;
    DECLARE last_id INT;
    DECLARE curs CURSOR FOR
			SELECT id FROM author WHERE id = 4;
	DECLARE CONTINUE HANDLER FOR NOT FOUND SET fincurs = 1;
    
    OPEN curs;
    FETCH curs INTO v_id;
    
	START TRANSACTION;
	WHILE (NOT fincurs) DO
		INSERT INTO cycle(title,yncycle,nbrvolume,type_id,createdate) VALUE (concat('cycle_Katz_',v_id), true, 1, 2, '2017-10-27');
        SET last_id = LAST_INSERT_ID();
        INSERT INTO cycle_author(author_id,cycle_id) VALUE (v_id, last_id);
        FETCH curs INTO v_id;
	END WHILE;
    COMMIT;
    CLOSE curs;
END ;;
DELIMITER ;
/*!50003 SET sql_mode              = @saved_sql_mode */ ;
/*!50003 SET character_set_client  = @saved_cs_client */ ;
/*!50003 SET character_set_results = @saved_cs_results */ ;
/*!50003 SET collation_connection  = @saved_col_connection */ ;
/*!50003 DROP PROCEDURE IF EXISTS `load_cycles_data_NO_CYCLE` */;
/*!50003 SET @saved_cs_client      = @@character_set_client */ ;
/*!50003 SET @saved_cs_results     = @@character_set_results */ ;
/*!50003 SET @saved_col_connection = @@collation_connection */ ;
/*!50003 SET character_set_client  = utf8 */ ;
/*!50003 SET character_set_results = utf8 */ ;
/*!50003 SET collation_connection  = utf8_general_ci */ ;
/*!50003 SET @saved_sql_mode       = @@sql_mode */ ;
/*!50003 SET sql_mode              = 'STRICT_ALL_TABLES,NO_AUTO_CREATE_USER' */ ;
DELIMITER ;;
CREATE DEFINER=`bird_user`@`%` PROCEDURE `load_cycles_data_NO_CYCLE`()
BEGIN
	DECLARE fincurs BOOLEAN DEFAULT 0;
    DECLARE counter INT DEFAULT 0;
    DECLARE v_id INT;
    DECLARE last_id INT;
    DECLARE curs CURSOR FOR
			SELECT id FROM author WHERE (id Mod 2) = 1;
	DECLARE CONTINUE HANDLER FOR NOT FOUND SET fincurs = 1;
    
    OPEN curs;
    FETCH curs INTO v_id;
    
	START TRANSACTION;
	WHILE (NOT fincurs) DO
		INSERT INTO cycle(title,yncycle,nbrvolume,type_id,createdate) VALUE (concat('cycle_auth_id_',v_id), false, 1, 2, '2017-05-30');
        SET last_id = LAST_INSERT_ID();
        INSERT INTO cycle_author(author_id,cycle_id) VALUE (v_id, last_id);
        FETCH curs INTO v_id;
	END WHILE;
    COMMIT;
    CLOSE curs;
END ;;
DELIMITER ;
/*!50003 SET sql_mode              = @saved_sql_mode */ ;
/*!50003 SET character_set_client  = @saved_cs_client */ ;
/*!50003 SET character_set_results = @saved_cs_results */ ;
/*!50003 SET collation_connection  = @saved_col_connection */ ;
/*!40103 SET TIME_ZONE=@OLD_TIME_ZONE */;

/*!40101 SET SQL_MODE=@OLD_SQL_MODE */;
/*!40014 SET FOREIGN_KEY_CHECKS=@OLD_FOREIGN_KEY_CHECKS */;
/*!40014 SET UNIQUE_CHECKS=@OLD_UNIQUE_CHECKS */;
/*!40101 SET CHARACTER_SET_CLIENT=@OLD_CHARACTER_SET_CLIENT */;
/*!40101 SET CHARACTER_SET_RESULTS=@OLD_CHARACTER_SET_RESULTS */;
/*!40101 SET COLLATION_CONNECTION=@OLD_COLLATION_CONNECTION */;
/*!40111 SET SQL_NOTES=@OLD_SQL_NOTES */;

-- Dump completed on 2018-01-12 13:10:38
